Gas;PositionX;PositionY;Ax Raw;Ay Raw;Az Raw;Gx Raw;Gy Raw;Gz Raw
100;0,0;0,0;0;0;0;0;0;0
100;0,0;0,0;0;0;0;0;0;0
100;0,0;0,0;0;0;0;0;0;0
100;0,0;0,0;0;0;0;0;0;0
100;0,0;0,0;0;0;0;0;0;0
100;0,0;0,0;0;0;0;0;0;0
100;0,0;0,0;0;0;0;0;0;0
100;0,0;0,0;0;0;0;0;0;0
100;0,0;0,0;0;0;0;0;0;0
100;0,0;0,0;0;0;0;0;0;0
100;0,0;0,0;0;0;0;0;0;0
100;0,0;0,0;0;0;0;0;0;0
100;0,0;0,0;0;0;0;0;0;0
100;2,0;2,0;2;2;2;2;2;2
100;0,0;0,0;0;0;0;0;0;0
100;2,0;2,0;2;2;2;2;2;2
100;0,0;0,0;0;0;0;0;0;0
100;0,0;0,0;0;0;0;0;0;0
100;0,0;0,0;0;0;0;0;0;0
100;2,0;2,0;2;2;2;2;2;2
100;0,0;0,0;0;0;0;0;0;0
100;2,0;2,0;2;2;2;2;2;2
100;0,0;0,0;0;0;0;0;0;0
100;2,0;2,0;2;2;2;2;2;2
100;9,69;-130,22;1904;-17432;-228;-166;-279;130
100;8,64;-123,07;1768;-16036;-608;-74;-59;318
100;11,37;-115,91;6232;-17616;-584;107;356;31
100;14,1;-75,87;-7588;-17304;1936;529;978;459
100;15,19;-49,8;-5688;-17552;2532;1072;779;422
100;16,71;-51,21;6756;-16868;2888;1602;971;394
100;15,89;-33,5;-2384;-17032;1320;2184;1470;158
100;15,88;-20,8;-2876;-16968;2852;2855;1509;12
100;15,52;-16,29;132;-17396;3116;3567;-372;219
100;15,69;-7,27;-2492;-17016;3260;4168;-1129;244
100;16,81;4,24;-5964;-17496;2896;4841;-884;80
100;16,94;1,55;2644;-17496;3168;5499;-1473;25
100;17,26;-0,25;2492;-17460;3768;6129;-1023;114
100;18,14;8,66;-5044;-18360;3812;6765;-1540;-69
100;19,54;1,99;6992;-17736;3192;7400;-1731;47
100;20,04;9,4;-3728;-17576;3832;7918;-960;38
100;20,21;6,48;2564;-18044;3896;8489;-943;-79
100;20,62;9,14;-868;-17236;5068;8893;488;193
100;20,41;10,4;-176;-17988;3756;9378;-1435;-105
100;20,59;10,05;740;-17460;4604;9702;-893;198
100;21,41;15,47;-4212;-17788;5116;9947;-1802;68
100;22,1;11,55;3544;-17096;5104;10225;-248;421
100;22,87;17,07;-4612;-17484;5004;10477;-727;44
100;23,59;13,61;3192;-16376;5572;10663;293;162
100;24,72;18,27;-5080;-16728;6280;10709;-645;311
100;25,89;12,72;6004;-16248;5784;10745;-592;103
100;26,86;17,53;-5576;-16512;6060;10752;-1266;332
100;28,16;11,22;7720;-16240;5676;10638;-899;321
100;29,02;15,48;-5184;-15892;6580;10551;-486;98
100;30,71;9,47;9300;-15460;6792;10386;-317;311
100;31,66;14,4;-6744;-15352;6560;10070;-816;166
100;32,69;8,89;7508;-14784;6244;9829;-1035;-15
100;33,2;12,05;-4140;-14492;7180;9482;-465;-81
100;34,36;7,3;7500;-13704;7172;9199;-326;91
100;35,17;11,45;-6512;-14124;7548;8682;-672;-414
100;36,1;6,7;7596;-13380;6992;8356;-810;0
100;36,64;9,71;-4580;-13172;8016;7897;-133;-394
100;37,81;5,4;7964;-11976;7764;7424;-340;7
100;38,16;7,48;-2992;-12220;8240;6923;42;-116
100;39,42;3,28;9040;-11616;8492;6315;-630;-135
100;39,84;6,58;-5304;-11828;8032;5850;28;149
100;40,91;2,68;8660;-10932;8324;5213;54;-38
100;40,93;4,74;-2912;-11328;8112;4661;343;-55
100;42,02;0,88;9652;-10672;8800;4073;-336;204
100;42,21;3,83;-5068;-11104;8524;3484;15;-106
100;42,85;1,27;6220;-9764;8988;2825;485;108
100;42,99;4,1;-4916;-10280;8496;2143;494;359
100;43,85;0,5;9764;-9776;8900;1660;-3;337
100;43,9;2,74;-4232;-10548;9640;839;223;9
100;44,56;-0,83;10260;-9952;8852;356;-202;443
100;44,26;1,33;-3696;-10440;8868;-322;396;392
100;44,61;-1,35;7904;-9548;9248;-920;588;166
100;44,39;1,6;-5452;-10280;8868;-1546;1844;-12
100;44,9;-1,39;11100;-9936;9720;-2076;2754;166
100;44,56;1,08;-4760;-10584;9656;-2626;1892;-15
100;44,46;-1,15;6180;-9864;9712;-3270;-1596;193
100;43,81;1,39;-5548;-11256;8636;-3773;-781;97
100;44,08;-1,63;11536;-10336;9664;-4121;1792;118
100;43,32;0,86;-5060;-11328;8820;-4922;1026;-213
100;42,89;-1,11;5680;-10372;9336;-5247;-823;-48
100;42,0;1,08;-4392;-11808;8860;-5657;1115;-234
100;41,47;-0,96;6664;-10964;8888;-6122;1539;-155
100;40,63;1,43;-5788;-12216;8736;-6478;-637;-131
100;39,74;-0,21;5036;-11880;8484;-6909;1359;117
100;38,59;2,26;-5104;-12992;7816;-7367;1126;-431
100;37,65;0,94;3772;-12076;8564;-7395;365;-296
100;36,59;3,26;-5476;-13296;7936;-7843;-3;-433
100;35,53;2,13;3476;-12664;8224;-8067;1711;171
100;34,27;4,32;-4644;-14024;7172;-8370;675;-466
100;33,37;2,84;4232;-12980;8592;-8437;620;38
100;32,32;4,92;-5092;-14548;8120;-8702;838;-164
100;31,48;3,08;5364;-13608;8264;-8732;990;-107
100;30,26;5,05;-4444;-15352;7304;-9035;705;-515
100;29,16;3,73;3308;-14464;7596;-8932;540;-377
100;27,97;5,8;-4520;-15532;6696;-9130;880;-638
100;27,6;2,86;10044;-14880;7620;-8929;1043;-142
100;26,34;4,28;-2872;-16404;6856;-9078;826;-227
100;25,37;3,47;2152;-14972;7624;-8836;726;-50
100;24,19;4,86;-2828;-16532;6416;-8849;534;-615
100;23,82;2,03;9004;-15520;6828;-8554;1004;-102
100;22,78;4,1;-4192;-17068;5936;-8507;788;-280
100;22,01;3,22;2304;-15168;7164;-8182;896;-254
100;21,36;5,17;-4816;-16580;7096;-8021;1004;-347
100;21,1;2,28;8464;-15840;5956;-7587;851;-250
100;20,61;5,03;-7036;-17132;5760;-7394;318;-551
100;20,08;3,43;3916;-15872;6436;-6905;1015;-118
100;19,72;5,84;-6164;-16660;6120;-6578;591;-504
100;19,51;3,19;6800;-16240;5744;-6103;254;-93
100;19,1;5,61;-5660;-17352;5124;-5695;-222;-115
100;18,63;4,67;1912;-16040;5808;-5138;809;11
100;18,41;6,74;-4932;-16840;5584;-4538;256;41
100;18,11;4,65;3916;-16116;4884;-4167;98;148
100;17,97;6,65;-4768;-17228;5332;-3519;-260;-28
100;18,15;3,99;6596;-16424;5380;-2932;145;160
100;18,16;6,27;-5240;-17072;4860;-2377;-42;279
100;18,49;3,64;6652;-16220;5264;-1777;372;573
100;18,71;5,84;-5540;-16736;5192;-1152;-454;388
100;19,19;2,91;7492;-16452;4796;-606;-147;482
100;19,66;5,42;-6772;-16668;5180;56;-146;367
100;20,23;2,51;7512;-16672;4744;597;-130;497
100;20,75;4,84;-6468;-16992;5380;1128;-599;182
100;21,5;1,69;8668;-16872;4600;1718;-816;588
100;22,26;4,36;-8080;-16460;5032;2143;-915;408
100;22,94;1,27;7596;-16772;4144;2810;-972;376
100;23,4;3,2;-4612;-16352;4892;3136;-1138;417
100;24,26;-0,1;9044;-17116;4004;3720;-1394;556
100;24,97;2,52;-6528;-16348;4964;4170;707;221
100;25,84;-0,23;8080;-16572;4920;4522;-50;121
100;26,37;1,45;-3980;-16340;5364;4888;-811;3
100;27,32;-1,8;9476;-16956;4172;5155;-1754;-144
100;27,96;0,73;-5868;-16520;4708;5462;391;-71
100;28,35;-0,83;3020;-16340;4880;5709;-1275;-175
100;28,83;0,07;-1888;-16184;5984;5976;104;-199
100;29,56;-2,36;6384;-16248;5068;6171;-1252;-386
100;30,18;-0,32;-4860;-16112;5592;6304;358;-299
100;30,45;-0,8;756;-16220;4952;6465;-1424;-251
100;31,03;-1,16;1256;-15372;6824;6512;163;-4
100;31,56;-3,05;4464;-15792;5268;6656;-1473;-343
100;32,05;-1,86;-2656;-15608;6284;6543;38;-159
100;32,38;-1,91;-16;-15924;5868;6671;-1586;-250
100;32,89;-2,44;1788;-15180;6912;6523;-78;-33
100;33,23;-3,73;2944;-15356;5444;6589;-1440;-208
100;33,7;-3,41;-324;-14184;6808;6377;150;-18
100;34,02;-3,38;-28;-15020;6448;6301;-1280;-230
100;34,59;-3,25;192;-13996;8032;6078;135;-27
100;34,95;-4,43;3316;-14580;6416;5868;-1167;-58
100;35,37;-3,91;-892;-13552;7336;5628;90;346
100;35,57;-3,93;232;-14632;6816;5395;-1044;187
100;35,95;-4,07;1284;-13616;7716;5189;763;195
100;36,33;-5,07;3352;-13436;7432;4864;-1126;-275
100;36,72;-5,11;844;-12536;8072;4498;5;192
100;36,79;-4,98;-184;-13668;6932;4100;-1343;-191
100;37,13;-5,2;1760;-12780;8548;3810;515;-64
100;37,04;-5,32;676;-14148;6648;3560;-812;125
100;37,33;-5,04;-164;-11968;8572;3095;14;-27
100;37,27;-5,38;1372;-13536;7268;2729;-818;108
100;37,61;-5,28;608;-11528;9352;2348;268;-59
100;37,67;-5,61;1496;-12768;8404;1966;-1036;149
100;37,85;-4,55;-2704;-11352;8480;1459;480;59
100;37,76;-5,26;2564;-12556;7760;1101;-1151;-118
100;37,72;-4,84;-480;-11552;8332;519;448;-51
100;37,5;-4,72;16;-12916;8232;142;-811;-21
100;37,43;-3,91;-1664;-11312;8348;-176;951;476
100;37,14;-5,11;4024;-12760;7188;-701;-1175;124
100;36,98;-4,94;1044;-11408;8520;-1081;2094;635
100;36,62;-4,75;212;-12240;7932;-1410;320;232
100;36,54;-3,27;-3740;-11420;8976;-1902;2665;321
100;36,41;-5,16;7948;-12848;7620;-2319;-725;484
100;36,07;-4,24;-2540;-11788;8248;-2676;-259;437
100;35,73;-6,08;7064;-13348;6892;-2949;-787;597
100;35,48;-4,5;-4760;-12196;8868;-3361;1229;248
100;35,36;-6,43;8728;-12640;7764;-3522;-656;214
100;35,06;-5,04;-4052;-11724;8704;-3846;702;439
100;34,73;-6,81;8144;-13528;7196;-4075;585;301
100;34,39;-5,18;-5348;-12924;8808;-4287;363;403
100;33,76;-6,3;4380;-14484;7996;-4521;-952;90
100;33,56;-4,88;-4572;-12296;9960;-4593;1092;-152
100;32,93;-6,6;6264;-14500;6344;-4608;-379;-22
100;32,45;-5,74;-2168;-13284;8996;-4797;324;-201
100;31,79;-6,12;2116;-14856;8436;-4900;-164;-301
100;31,5;-5,63;-600;-12336;9812;-4964;829;-76
100;30,56;-5,88;1032;-15188;6344;-4964;-732;-348
100;30,13;-5,47;-288;-12964;8980;-5134;832;-422
100;29,63;-4,69;-2180;-14784;9176;-5185;31;-488
100;28,85;-5,27;2416;-14748;6660;-5250;429;-94
100;28,37;-3,91;-4344;-14908;8156;-5189;-261;-297
100;27,7;-3,71;128;-14120;7076;-5157;581;-51
100;27,1;-2,48;-3104;-14980;7248;-5227;739;-126
100;26,47;-2,96;2056;-14796;7072;-5120;489;21
100;25,94;-1,23;-4896;-15516;6540;-5047;311;-127
100;25,7;-2,98;6904;-14732;6940;-4852;346;90
100;25,22;-1,51;-3824;-15412;6960;-4760;935;220
100;25,05;-3,11;6436;-14752;7288;-4517;315;359
100;24,54;-2,14;-2280;-15568;6836;-4416;441;57
100;24,17;-3,73;5236;-15984;6320;-4256;-394;177
100;23,78;-2,55;-2808;-15000;6752;-4167;599;282
100;23,39;-3,89;4184;-16104;6128;-3855;-273;136
100;23,09;-2,72;-2780;-14976;6748;-3619;606;241
100;22,68;-3,06;1052;-16276;6480;-3301;-764;-181
100;22,46;-1,99;-2512;-15024;6656;-3078;561;32
100;22,05;-2,31;892;-16348;5900;-2835;-636;22
100;22,03;-3,29;3912;-15348;7280;-2598;629;26
100;22,01;-1,63;-4984;-15808;6512;-2297;-410;-251
100;21,84;-2,46;2612;-15304;5828;-1982;643;160
100;21,65;-1,08;-3284;-16252;5452;-1678;-343;-264
100;22,08;-3,19;8932;-15812;6712;-1473;218;273
100;22,36;-0,85;-7772;-16092;5936;-1213;-78;-190
100;22,64;-2,51;6144;-15664;6752;-813;278;153
100;22,81;-0,32;-6176;-15808;5252;-631;-37;127
100;23,28;-2,51;8288;-15452;6212;-359;-304;314
100;23,6;-0,34;-7080;-16080;6012;-155;-227;230
100;24,21;-2,66;9384;-15616;6344;306;-396;422
100;24,3;-1,51;-2764;-15888;6188;509;137;502
100;24,67;-4,01;7948;-16232;4580;785;-748;291
100;25,0;-1,95;-5772;-15584;5884;991;343;270
100;24,98;-2,72;1692;-15836;5344;1148;-1188;155
100;25,08;-2,89;944;-15124;6032;1330;620;565
100;25,28;-4,65;4716;-15660;5096;1559;-932;4
100;25,46;-3,45;-2648;-15412;6148;1556;362;-206
100;25,51;-4,24;1872;-15816;5436;1871;-1235;-273
100;25,67;-4,55;1468;-15300;6136;1940;676;-13
100;25,87;-6,03;3884;-15560;5264;2191;-1176;-253
100;26,15;-4,85;-2564;-15060;6496;2188;450;-157
100;26,31;-5,07;748;-15812;6256;2445;-1006;-340
100;26,63;-5,49;2020;-14908;6904;2500;519;-322
100;26,89;-7,0;4440;-15788;5492;2666;-822;-175
100;27,19;-6,56;-500;-14916;6936;2764;135;89
100;27,27;-6,14;-640;-15776;5656;2810;-758;-434
100;27,65;-5,94;208;-14484;7380;2960;308;71
100;27,83;-6,48;1580;-15368;6084;3074;-1371;55
100;28,12;-6,74;1404;-14464;6700;3023;-53;20
100;28,32;-6,23;-1120;-15436;6512;3078;-1250;-81
100;28,65;-6,48;1548;-14316;7132;2998;218;198
100;28,85;-5,28;-2788;-15084;6200;2949;-542;-115
100;29,06;-4,64;-1100;-14044;6328;2966;180;175
100;29,21;-3,92;-1612;-15012;6524;2827;-512;149
100;29,51;-4,14;1356;-13880;7160;2839;465;111
100;29,72;-3,09;-2752;-14808;6836;2635;-437;-180
100;29,94;-3,18;796;-13876;7016;2595;253;185
100;30,17;-1,98;-3484;-14656;6956;2492;-605;-111
100;30,3;-2,03;684;-14008;6876;2328;546;172
100;30,62;-0,32;-5524;-14492;6840;2202;-341;-185
100;30,86;-1,32;3600;-13576;7048;2033;438;337
100;31,05;0,06;-4384;-14436;6936;1946;-574;244
100;31,53;-1,49;6340;-13236;7804;1686;181;485
100;31,84;0,43;-6844;-14336;6968;1519;-376;152
100;32,09;-0,58;4072;-13260;7820;1318;725;262
100;32,21;0,81;-4672;-14184;7084;1208;-695;0
100;32,57;-0,71;6256;-13000;7860;925;339;445
100;32,81;1,28;-7208;-13988;6888;729;-208;-125
100;33,05;0,02;5328;-13196;8204;499;778;206
100;33,12;1,52;-5272;-13628;7040;405;-818;153
100;33,33;-0,15;6456;-13040;7504;55;66;181
100;33,49;2,04;-8228;-13968;6524;-135;-198;-153
100;33,52;0,89;4584;-13212;7788;-387;1014;234
100;33,59;2,73;-7076;-14228;7592;-626;172;31
100;33,8;1,01;7560;-13100;7808;-752;1177;-15
100;33,79;3,0;-7240;-14056;6700;-887;-29;-332
100;33,73;1,93;3988;-12804;7844;-1112;812;137
100;33,64;3,63;-6232;-14216;7332;-1276;161;20
100;33,78;1,96;7232;-13144;8296;-1377;853;439
100;33,69;3,74;-6784;-14284;7092;-1473;-274;216
100;33,75;1,69;8232;-13748;7248;-1625;339;337
100;33,63;3,38;-6244;-14192;7568;-1747;432;163
100;33,56;2,03;5292;-13544;8372;-1910;379;224
100;33,39;3,74;-6340;-14368;7096;-1959;-52;160
100;33,33;1,77;7440;-13672;7064;-2153;252;156
100;33,17;3,45;-6268;-14308;7532;-2217;359;242
100;33,13;1,8;6492;-13556;7952;-2283;405;214
100;32,74;3,13;-4400;-14564;6940;-2458;-10;32
100;32,74;0,98;8596;-14108;7084;-2468;86;164
100;32,49;2,65;-5772;-14408;7120;-2568;421;232
100;32,52;0,95;7184;-13680;8328;-2461;383;103
100;32,16;2,15;-4012;-14780;7484;-2695;235;-142
100;32,14;0,1;8136;-14216;7288;-2588;-97;118
100;31,69;1,23;-3320;-14756;6912;-2808;362;-130
100;31,64;-0,34;6308;-13948;8124;-2622;136;-26
100;31,34;1,08;-4608;-14540;7328;-2790;442;32
100;31,19;-1,05;7448;-14836;6272;-2580;-391;11
100;30,79;-0,3;-2140;-14960;7580;-2699;403;-134
100;30,81;-2,11;7352;-14044;7444;-2548;202;-22
100;30,51;-1,01;-3180;-14432;7460;-2582;548;-31
100;30,24;-2,79;5648;-14812;6108;-2474;-364;190
100;29,93;-1,43;-3900;-15144;7016;-2384;476;149
100;29,99;-3,47;8292;-14652;6816;-2326;77;222
100;29,74;-2,43;-2784;-14860;7580;-2228;711;270
100;29,58;-4,15;5784;-14916;6532;-2122;-609;-6
100;29,27;-2,7;-3712;-15124;6460;-2035;598;-130
100;29,45;-4,88;9088;-14800;6616;-1916;-132;233
100;29,14;-3,87;-2300;-15008;6712;-1805;597;-202
100;29,13;-5,71;6724;-15000;6636;-1757;-672;100
100;28,89;-4,45;-2980;-15160;6720;-1514;760;-269
100;28,71;-6,01;4840;-15408;6136;-1403;-879;-177
100;28,49;-5,31;-1292;-14916;7032;-1355;700;180
100;28,48;-6,98;5968;-15364;6388;-1090;-396;-121
100;28,4;-5,8;-2924;-15024;7372;-1020;606;47
100;28,23;-7,24;4284;-15196;5700;-843;-767;21
100;28,11;-6,35;-1756;-14900;7084;-870;801;-335
100;28,09;-8,02;5660;-15620;5900;-542;-366;82
100;27,99;-6,99;-2224;-15632;7208;-538;603;-101
100;27,93;-8,54;4996;-15628;5768;-375;-531;-195
100;27,84;-7,69;-1536;-14736;6728;-281;376;73
100;28,15;-9,75;8332;-14912;5824;-138;-42;271
100;28,04;-8,64;-2148;-15048;6384;-68;370;199
100;28,01;-10,06;4724;-15584;5888;35;-660;124
100;27,97;-9,26;-1376;-15320;7084;152;314;-31
100;28,28;-11,27;8108;-15184;5700;300;-92;227
100;28,13;-10,9;88;-15252;6304;228;494;318
100;28,26;-12,47;5664;-14960;5896;443;-642;154
100;28,26;-10,89;-3372;-15204;6528;406;470;28
100;28,29;-12,42;5084;-15428;5568;522;-877;-53
100;28,25;-11,3;-1892;-14996;6516;580;556;218
100;28,74;-13,5;9808;-14940;5540;639;-339;261
100;28,96;-11,23;-6124;-15004;6460;729;410;-230
100;29,07;-12,88;5772;-14948;5508;749;-707;-19
100;29,17;-10,86;-4848;-14996;6288;795;442;220
100;29,6;-12,75;8592;-14960;6392;825;-178;-132
100;29,83;-10,53;-6244;-14876;6572;855;34;155
100;30,13;-12,35;7360;-14660;6112;864;-612;-78
100;30,18;-10,58;-4076;-14984;6632;789;452;-1
100;30,6;-12,63;9372;-15140;5896;915;98;35
100;30,52;-11,29;-2472;-14716;6404;763;447;42
100;30,86;-13,21;8236;-14884;6108;935;-529;-206
100;30,97;-11,35;-4692;-14768;7080;785;319;194
100;31,26;-13,21;7816;-14568;5720;909;17;-135
100;31,24;-12,42;-928;-14384;7368;734;522;267
100;31,33;-13,99;6004;-14756;5760;874;-416;-26
100;31,39;-12,41;-3448;-14652;7404;761;656;-7
100;31,8;-14,29;9184;-14704;6476;852;-60;224
100;31,75;-13,16;-1844;-14416;7148;664;552;-143
100;31,88;-14,79;6732;-14692;5948;720;-350;-21
100;32,01;-12,81;-5052;-14552;7456;605;691;188
100;31,82;-13,94;3884;-14916;5512;620;-855;-143
100;31,66;-12,92;-1392;-14508;6704;474;595;-194
100;31,85;-14,5;7060;-14564;6624;551;-486;37
100;31,94;-12,39;-5584;-14696;7120;404;279;-105
100;31,77;-13,55;4064;-14832;5664;469;-844;185
100;31,67;-12,65;-1168;-14128;7240;275;561;116
100;31,65;-13,91;5128;-14436;6216;344;-456;53
100;31,62;-12,25;-3836;-14632;7308;158;278;62
100;31,52;-13,28;4088;-14532;6324;232;-755;-190
100;31,47;-12,24;-1728;-13836;7616;45;442;-38
100;31,51;-13,86;6404;-14368;5884;66;-601;-156
100;31,57;-11,78;-5488;-14336;7224;-70;444;-269
100;31,46;-12,88;4328;-14552;6464;-106;-965;-200
100;31,37;-11,48;-2844;-13900;7268;-271;492;-47
100;31,44;-13,18;7168;-14436;6032;-301;-316;159
100;31,33;-12,46;-540;-13552;7564;-459;742;356
100;31,19;-13,65;4776;-15024;6476;-430;-990;214
100;31,18;-11,99;-3740;-13704;7612;-506;692;387
100;31,28;-13,74;7772;-14640;6344;-597;-550;205
100;31,14;-13,16;4;-13652;7548;-686;856;59
100;30,94;-14,19;4288;-15056;6596;-744;-1038;-177
100;30,9;-12,73;-2924;-13856;7852;-713;912;-34
100;30,62;-12,11;-752;-14728;7000;-743;-810;-5
100;30,48;-11,9;916;-13676;7452;-769;489;357
100;30,2;-12,59;3008;-14992;6444;-839;-707;108
100;30,15;-11,62;-1376;-13788;8008;-802;831;123
100;29,9;-11,18;-340;-14956;7320;-864;-828;-84
100;29,76;-10,85;464;-13660;7332;-849;424;195
100;29,39;-10,97;1152;-15060;6260;-859;-821;-45
100;29,32;-10,29;-592;-13828;7912;-971;705;2
100;29,05;-9,55;-1280;-14880;6832;-945;-912;-94
100;28,95;-9,87;2492;-13776;7304;-1015;765;144
100;28,6;-9,7;280;-14780;6120;-906;-946;-195
100;28,57;-9,03;-712;-13676;8116;-1090;626;47
100;28,34;-8,57;-536;-14836;6996;-975;-812;-81
100;28,22;-8,34;640;-13752;7404;-1122;725;79
100;28,01;-8,74;1928;-14932;6932;-1038;-856;-165
100;27,78;-9,19;2516;-14208;6308;-1104;756;217
100;27,57;-8,52;-1160;-14992;6916;-975;-832;-16
100;27,36;-8,2;364;-14012;6700;-1087;760;165
100;27,14;-8,54;1736;-15152;6836;-1087;-736;-39
100;26,95;-8,87;2188;-14424;6480;-1082;764;26
100;26,83;-7,48;-3380;-14908;6764;-1046;-728;-265
100;26,62;-7,04;-192;-14348;6540;-975;405;24
100;26,44;-7,12;924;-15312;7124;-1067;-766;-217
100;26,36;-7,19;1396;-14328;7224;-913;590;117
100;26,11;-6,29;-1832;-15280;6248;-998;-814;-279
100;25,95;-5,67;-680;-14228;6520;-918;634;34
100;25,89;-5,97;1524;-14960;7540;-937;-871;-234
100;25,82;-6,42;2380;-14144;6608;-832;793;189
100;25,7;-5,69;-1544;-15120;7040;-863;-685;110
100;25,47;-5,07;-640;-14528;5928;-825;703;447
100;25,53;-3,12;-5624;-15100;6360;-810;-302;-204
100;25,51;-3,54;2108;-14404;6952;-649;641;77
100;25,46;-2,72;-2040;-15032;7008;-596;-568;-279
100;25,34;-2,54;240;-14420;6540;-627;595;-12
100;25,48;-0,73;-5564;-14848;6624;-594;-339;-307
100;25,61;-1,76;4180;-14388;7144;-530;849;253
100;25,56;-0,48;-3408;-15056;6288;-370;-558;146
100;25,5;-0,68;1104;-14648;6776;-447;564;91
100;25,84;1,51;-7696;-14588;6248;-291;-532;-209
100;26,06;0,16;5292;-14604;7288;-306;669;204
100;26,25;1,77;-5380;-14408;6916;-333;-532;119
100;26,74;-0,17;8352;-14260;7400;-192;147;310
100;26,86;1,9;-6496;-15360;5976;-292;-59;-137
100;27,06;0,6;4904;-14676;7448;-131;341;56
100;27,01;1,92;-3700;-14944;6152;-187;-473;49
100;27,49;-0,07;8392;-14336;7256;18;125;382
100;27,51;1,57;-4596;-15044;6236;-81;173;-273
100;27,86;-0,07;6512;-14024;7516;-92;183;129
100;28,0;1,97;-6472;-15092;6108;-104;20;44
100;28,14;0,29;5624;-14424;6492;-152;-114;222
100;28,13;1,52;-3560;-15148;6884;-85;116;106
100;28,32;-0,34;6456;-14508;6324;-133;-44;150
100;28,44;1,32;-5424;-15060;7128;-231;31;22
100;28,53;-0,45;5648;-14528;6164;-150;-369;399
100;28,53;1,19;-4740;-14896;6424;-236;271;101
100;29,05;-0,98;9920;-14412;7204;-181;234;-89
100;28,98;0,32;-3408;-14812;6676;-279;577;216
100;29,24;-1,63;7372;-14400;6664;-280;-189;16
100;29,3;0,24;-5764;-15020;6512;-303;171;80
100;29,78;-1,95;10168;-14652;7044;-270;348;220
100;29,72;-0,26;-4720;-14980;6348;-325;345;269
100;30,15;-2,37;9364;-14300;7224;-398;-101;93
100;30,24;-0,18;-6888;-14832;6084;-350;249;251
100;30,57;-2,21;8776;-14588;6992;-395;327;169
100;30,57;-0,29;-5820;-14996;6344;-428;217;175
100;30,95;-2,28;9004;-14448;7592;-417;75;133
100;30,95;-0,41;-5704;-15024;6588;-353;337;-91
100;30,93;-2,11;5372;-14400;6180;-399;-588;234
100;30,86;-0,71;-3864;-14728;6944;-383;521;235
100;31,13;-2,59;7660;-14000;7088;-414;52;146
100;31,16;-0,5;-6696;-15288;6404;-381;227;113
100;31,13;-2,34;5764;-14588;5988;-415;-731;33
100;31,12;-0,46;-5648;-14856;6404;-329;219;155
100;31,42;-2,61;8692;-14116;6428;-352;40;195
100;31,45;-0,54;-6668;-15204;6460;-423;233;190
100;31,36;-2,45;5604;-14756;5544;-334;-898;124
100;31,36;-1,15;-3980;-14660;7800;-429;457;73
100;31,5;-3,32;7748;-14672;5760;-228;-380;96
100;31,59;-1,19;-7404;-15516;6736;-385;-50;195
100;31,43;-3,01;5436;-15816;5648;-180;-677;116
100;31,54;-1,56;-4616;-14012;7832;-264;284;-98
100;31,55;-3,48;6404;-14980;5936;-190;-527;-33
100;31,54;-2,99;-896;-13584;7748;-122;546;170
100;31,33;-4,4;4228;-15588;6040;-186;-779;33
100;31,3;-3,52;-2036;-13740;7440;-159;549;150
100;31,07;-4,72;3388;-15240;5928;-58;-992;-154
100;31,04;-4,2;-872;-13660;7600;-186;443;114
100;30,85;-3,98;-388;-14916;7052;-178;-742;-230
100;30,85;-3,74;76;-13396;7628;-92;774;34
100;30,6;-4,45;2116;-15328;6344;-72;-811;-54
100;30,44;-5,22;2932;-14540;6384;-186;573;101
100;30,31;-4,63;-1456;-15064;7356;-141;-654;-149
100;30,18;-4,78;1136;-14168;6840;-78;491;283
100;30,13;-3,01;-5024;-14812;6236;-169;-394;20
100;29,98;-3,92;3224;-14560;6328;-245;671;370
100;29,97;-2,33;-4584;-14456;6620;-206;-242;40
100;29,83;-3,14;2872;-14288;6384;-216;604;363
100;29,75;-1,42;-4796;-14908;6192;-311;3;-216
100;29,94;-2,99;6268;-14204;7240;-243;327;-8
100;29,94;-1,34;-4996;-14436;6544;-249;-392;68
100;29,8;-2,16;2844;-14312;6572;-397;525;23
100;29,8;-0,25;-5952;-15308;6408;-337;86;207
100;29,98;-1,73;5880;-14304;7632;-318;188;93
100;29,9;-0,08;-4892;-14980;6440;-495;-90;-182
100;30,21;-2,41;9316;-14488;6140;-421;-228;-42
100;30,15;-1,01;-4096;-14828;7156;-581;313;115
100;30,3;-2,54;5892;-14004;7280;-362;161;277
100;30,17;-1,52;-2848;-15020;7252;-515;31;145
100;30,39;-3,79;8804;-14872;6008;-474;-347;-68
100;30,35;-1,81;-5856;-14892;6332;-695;345;-28
100;30,55;-3,47;6812;-14192;7328;-484;195;380
100;30,35;-1,97;-4112;-15348;6448;-674;39;-182
100;30,44;-4,14;7684;-14748;5524;-531;-135;145
100;30,34;-2,64;-4164;-14876;7000;-685;457;-98
100;30,54;-3,97;5576;-13748;7980;-499;11;111
100;30,56;-2,74;-3696;-14340;7892;-583;260;234
100;30,56;-4,68;6560;-14532;5664;-544;-104;-137
100;30,41;-3,28;-3576;-15248;6824;-486;532;173
100;30,77;-5,11;8408;-13968;7756;-517;86;207
100;30,78;-3,46;-4892;-14888;7400;-468;542;-216
100;31,11;-5,42;8968;-14500;7332;-441;69;184
100;31,12;-3,63;-5576;-15064;7024;-326;-27;-153
100;31,39;-5,16;6856;-13664;7764;-393;394;189
100;31,44;-3,52;-5168;-14712;7640;-421;289;-49
100;31,8;-5,58;9344;-14300;6976;-271;147;217
100;31,64;-4,04;-4092;-15276;6616;-282;135;-204
100;31,78;-6,04;7776;-14932;6412;-240;-466;-60
100;31,68;-4,79;-3248;-14856;7396;-292;423;31
100;31,92;-6,66;7920;-14208;6784;-205;85;214
100;31,83;-4,92;-4852;-15048;6752;-272;102;69
100;31,98;-6,85;7464;-14344;6448;-236;-463;-150
100;32,04;-4,91;-6176;-14860;7328;-385;210;-122
100;32,34;-6,7;8260;-14132;7348;-229;354;394
100;32,27;-5,2;-4144;-14616;7424;-434;418;22
100;32,38;-7,17;7552;-14572;6196;-263;-473;-45
100;32,28;-5,27;-5368;-15124;6524;-400;101;-226
100;32,58;-7,18;8824;-14156;7060;-314;300;-53
100;32,53;-5,76;-3788;-14268;7560;-418;533;15
100;32,5;-7,43;6144;-14820;6432;-324;-485;21
100;32,4;-6,0;-3828;-14760;7372;-360;262;-125
100;32,16;-7,31;4088;-15116;6060;-359;-950;-58
100;31,99;-6,75;-732;-14304;7472;-400;600;-6
100;31,87;-8,38;5624;-15028;5924;-400;-520;98
100;31,74;-6,91;-3648;-14620;7024;-385;362;53
100;31,43;-7,88;3056;-15288;6084;-435;-868;74
100;31,39;-7,27;-836;-14124;8156;-352;752;192
100;31,2;-9,16;5804;-15236;4996;-443;-765;-82
100;31,18;-7,72;-3668;-14544;7780;-435;630;83
100;30,92;-8,7;3388;-15548;6396;-443;-719;23
100;30,88;-7,76;-1900;-13676;7640;-432;484;192
100;30,79;-9,13;5084;-15344;6636;-385;-788;-37
100;30,52;-8,66;-188;-13952;6296;-416;727;197
100;30,2;-9,31;2268;-15392;6112;-362;-846;-102
100;30,15;-8,37;-1792;-13920;7652;-493;561;119
100;30,0;-9,67;4456;-15224;6088;-292;-719;-37
100;29,87;-9,37;344;-13856;7148;-472;706;218
100;29,59;-9,69;1504;-15300;6452;-363;-856;126
100;29,5;-9,08;-612;-13872;7396;-504;631;201
100;29,38;-10,22;4240;-15272;6488;-354;-622;-3
100;29,29;-10,39;1812;-14068;7192;-503;563;289
100;29,0;-10,19;104;-15396;6480;-367;-1057;157
100;29,06;-9,77;84;-13616;8140;-378;814;296
100;28,9;-8,99;-1556;-14920;6920;-275;-783;181
100;28,86;-9,1;1484;-13744;7340;-395;359;96
100;28,55;-8,78;-296;-15484;6208;-418;-1009;-332
100;28,6;-8,59;724;-13404;7800;-351;775;117
100;28,49;-7,38;-2968;-14864;6884;-412;-704;-278
100;28,4;-7,6;1708;-13936;6828;-374;675;185
100;28,23;-7,05;-1128;-15148;7080;-433;-996;-24
100;28,12;-6,97;672;-14068;6848;-359;373;118
100;27,89;-6,08;-1868;-15192;6356;-431;-608;-188
100;27,78;-5,55;-632;-14180;6896;-416;535;113
100;27,6;-5,67;732;-15360;6956;-397;-914;-54
100;27,53;-5,48;368;-14204;7108;-303;631;419
100;27,39;-4,6;-2000;-14624;6536;-384;-503;-214
100;27,27;-4,71;1152;-14196;6580;-346;781;326
100;27,18;-4,83;736;-14968;7252;-353;-791;87
100;27,17;-4,48;-168;-14008;7360;-298;629;-55
100;27,08;-3,64;-2168;-14904;6920;-403;-723;16
100;26,95;-3,46;244;-14352;6632;-302;693;50
100;26,87;-2,07;-3672;-15084;6372;-363;-323;-167
100;26,88;-2,41;1656;-14172;7284;-238;507;352
100;26,82;-1,24;-3316;-15152;6648;-327;-738;7
100;26,8;-1,48;1324;-14044;7068;-278;791;446
100;26,87;0,3;-5508;-14976;6448;-373;-231;91
100;26,97;-0,52;3124;-13752;7352;-315;590;448
100;26,9;0,88;-3936;-15116;6180;-289;-449;95
100;26,82;0,55;1296;-14308;6900;-438;538;336
100;26,89;2,53;-6264;-15168;5764;-383;-443;6
100;27,07;1,35;4388;-13880;7572;-425;578;409
100;26,98;2,71;-3992;-15172;6084;-342;-521;72
100;27,26;1,02;6500;-13968;7328;-501;378;55
100;27,34;2,99;-6396;-15080;5988;-443;-201;11
100;27,42;2,13;3104;-14100;7608;-529;717;583
100;27,27;3,07;-2836;-15056;6252;-405;-763;-34
100;27,55;1,7;5336;-13748;7912;-432;561;189
100;27,53;3,24;-4772;-14920;6248;-394;-219;200
100;27,53;2,51;2424;-14176;7220;-458;600;552
100;27,49;3,82;-4152;-14864;6352;-335;-567;153
100;27,76;2,07;6504;-14076;7308;-413;302;355
100;27,88;3,9;-6324;-14968;6348;-325;-388;69
100;27,9;2,78;3588;-14376;7040;-384;541;218
100;28,06;4,46;-6092;-14960;6980;-293;-68;28
100;28,48;2,45;8180;-14028;7484;-275;370;346
100;28,55;4,05;-5412;-14796;6716;-332;-25;42
100;28,71;2,72;4796;-14308;7628;-242;587;1
100;28,83;4,56;-6456;-15032;6604;-372;194;-150
100;29,3;2,45;8824;-13932;7500;-203;303;-30
100;29,39;4,21;-6224;-14932;6640;-380;-31;-232
100;29,65;2,48;6640;-14252;7624;-308;487;206
100;29,75;4,25;-6196;-15004;6924;-376;439;22
100;30,07;2,11;8128;-14024;6808;-301;224;79
100;30,0;3,6;-4728;-15200;6532;-315;122;-262
100;30,19;1,79;6716;-14492;7208;-380;428;9
100;30,26;3,59;-6152;-14920;6692;-349;369;-223
100;30,47;1,46;7608;-14288;6492;-398;15;31
100;30,32;2,65;-3672;-15288;6748;-406;148;15
100;30,31;0,62;6280;-15160;6052;-453;-594;-38
100;30,28;1,58;-3032;-14508;7544;-403;349;104
100;30,25;-0,34;5644;-14264;5656;-404;-294;-41
100;30,15;1,27;-4780;-15032;6364;-526;377;-229
100;30,09;-0,63;5604;-15004;5832;-378;-596;-132
100;30,14;0,86;-5124;-14912;7528;-537;204;-123
100;30,44;-1,34;8692;-14660;6712;-307;-144;-92
100;30,27;-0,3;-2776;-14868;6772;-469;421;-89
100;30,2;-2,1;5456;-15048;5968;-326;-543;145
100;30,15;-0,87;-3724;-14580;7156;-481;40;-117
100;30,17;-2,85;6432;-14888;5964;-433;-528;-8
100;30,15;-2,13;-1804;-13604;7396;-379;361;225
100;29,96;-3,58;4216;-15472;6068;-424;-686;-245
100;29,94;-2,86;-1772;-13856;7572;-395;413;298
100;29,76;-4,23;3928;-15204;6024;-337;-793;-302
100;29,65;-3,29;-2184;-13884;6764;-394;427;373
100;29,55;-4,61;4208;-15660;6652;-282;-775;-142
100;29,48;-4,37;-112;-13672;7300;-463;399;6
100;29,23;-5,11;2200;-15600;6468;-402;-856;71
100;29,18;-4,36;-1600;-14048;7292;-416;533;88
100;28,94;-5,04;2044;-15360;6400;-409;-718;-214
100;28,78;-4,61;-492;-13796;6520;-365;613;415
100;28,63;-3,79;-2220;-14800;6648;-447;-851;61
100;28,56;-3,67;388;-14316;7380;-364;910;172
100;28,27;-3,47;-452;-15220;6120;-408;-898;-108
100;28,19;-2,96;-852;-13972;7068;-493;766;190
100;28,01;-2,09;-2320;-14908;6344;-446;-684;44
100;27,95;-1,62;-1000;-14144;7232;-463;466;364
100;27,79;-1,89;744;-15200;6884;-393;-830;119
100;27,69;-1,62;-348;-13864;6888;-517;602;353
100;27,58;-0,27;-3804;-14896;6028;-423;-613;-38
100;27,54;-0,18;112;-13960;7300;-523;675;124
100;27,44;0,4;-1960;-15236;7044;-402;-869;-215
100;27,44;-0,28;2476;-14148;7188;-403;778;181
100;27,36;1,0;-3844;-15072;6264;-372;-688;95
100;27,2;1,16;-268;-14428;6508;-490;466;427
100;27,06;1,45;-1124;-14916;6744;-395;-838;-185
100;27,17;0,5;3448;-14004;7484;-415;779;259
100;27,07;1,39;-2740;-14952;6532;-375;-707;154
100;27,04;1,39;192;-14192;7256;-456;675;208
100;26,9;0,96;872;-15180;6728;-305;-994;-136
100;27,03;-0,37;4776;-14204;6944;-371;888;501
100;27,03;0,79;-3740;-14856;6760;-292;-726;-176
100;26,95;0,14;2148;-14416;6600;-368;822;215
100;27,05;2,06;-6308;-15016;5884;-343;-501;166
100;27,1;1,53;1908;-14232;7516;-312;823;391
100;27,02;2,41;-2852;-14932;6500;-252;-775;-167
100;26,91;2,31;404;-14304;6624;-382;735;77
100;27,03;4,2;-6432;-15024;5880;-253;-520;-281
100;27,13;3,24;3224;-14452;7688;-339;719;139
100;27,25;4,66;-5196;-14828;6808;-238;-570;-87
100;27,16;4,26;1064;-13996;6692;-409;735;396
100;27,2;6,09;-5952;-15236;5692;-305;-19;335
100;27,31;4,96;3600;-14132;7440;-401;755;338
100;27,24;6,1;-4008;-15308;6320;-345;-747;-174
100;27,58;4,19;7136;-14172;7328;-395;756;466
100;27,71;5,91;-6248;-14948;6396;-361;-169;-241
100;27,73;4,59;3908;-14108;6720;-470;769;444
100;27,61;5,5;-3120;-15232;6384;-374;-558;-286
100;27,9;3,74;6360;-14108;7524;-364;554;328
100;27,98;5,44;-6176;-15144;6316;-431;-460;-244
100;27,94;4,79;1772;-13952;6944;-379;759;167
100;27,77;5,6;-2788;-15376;6196;-337;-557;48
100;27,92;4,15;4600;-13988;7228;-324;440;-92
100;27,89;5,54;-4768;-15316;6388;-450;-286;45
100;27,9;4,75;2168;-13856;7092;-336;587;187
100;28,06;6,48;-6756;-15124;6760;-496;-94;-13
100;28,2;5,3;3600;-13856;7724;-353;400;101
100;28,12;6,55;-4444;-15264;6288;-506;-599;39
100;28,1;5,71;2196;-14040;6956;-322;597;108
100;28,18;7,52;-6564;-15148;5968;-439;-85;293
100;28,35;6,12;4452;-14036;7704;-377;560;130
100;28,35;7,57;-5296;-14996;6164;-418;-634;243
100;28,27;7,09;960;-13996;6904;-383;616;135
100;28,39;8,8;-6700;-15168;6276;-363;-337;-196
100;28,56;7,23;5048;-14332;7576;-422;766;198
100;28,64;8,74;-5944;-14856;6260;-297;-761;-262
100;28,95;6,45;7884;-14120;6516;-346;578;337
100;29,07;8,24;-6908;-15128;6132;-315;-269;-158
100;29,16;6,64;4844;-14016;6968;-392;844;332
100;29,16;8,12;-5560;-14912;6044;-335;-798;-27
100;29,51;6,01;7732;-14096;7372;-352;558;-67
100;29,57;7,9;-7100;-15364;5788;-429;-299;-105
100;29,58;6,97;2476;-13764;7232;-314;811;385
100;29,37;7,83;-3312;-15284;6076;-431;-885;4
100;29,57;6,29;5112;-14048;7864;-351;629;47
100;29,59;8,11;-6504;-14996;5588;-383;-322;-271
100;29,46;6,98;2716;-14464;6624;-416;446;317
100;29,65;8,52;-6732;-14772;7204;-384;-268;214
100;29,54;7,81;1580;-14172;6944;-432;796;102
100;29,44;8,49;-3100;-15084;6924;-312;-598;180
100;29,23;8,16;316;-14148;6360;-443;482;73
100;29,31;9,46;-5456;-14544;6776;-341;-516;100
100;29,21;9,06;548;-14240;7140;-381;692;170
100;29,1;9,38;-2008;-14984;6992;-246;-518;-138
100;28,87;8,76;964;-14528;6224;-384;407;131
100;28,77;9,45;-2988;-14800;6568;-256;-412;-192
100;28,63;9,17;48;-14496;6844;-358;311;348
100;28,69;9,95;-3728;-14380;7424;-287;-275;-385
100;29,01;8,12;6000;-13864;8048;-202;157;69
100;28,94;9,66;-5376;-15212;5564;-325;-226;-354
100;29,1;7,87;5304;-14340;7316;-176;242;256
100;29,14;9,12;-5004;-14476;6416;-196;-582;-141
100;29,67;7,01;8204;-13640;8624;-192;44;-125
100;29,6;8,69;-5652;-15396;5548;-165;204;-224
100;30,06;6,39;8700;-14072;7800;-166;-25;77
100;30,09;7,99;-6192;-15012;6196;-339;-360;11
100;30,34;5,66;7456;-14364;6804;-199;-654;96
100;30,24;6,64;-3496;-14660;6748;-328;412;-197
100;30,54;4,33;8180;-14176;6836;-348;157;410
100;30,54;5,04;-2780;-14020;7556;-377;371;203
100;30,23;3,28;3696;-14964;5148;-469;-675;-58
100;30,15;4,28;-3476;-14648;7080;-513;473;386
100;30,14;2,23;5752;-14476;5924;-421;-323;387
100;30,14;2,69;-1752;-13768;7740;-528;432;300
100;29,95;1,1;3804;-14704;5888;-430;-761;-102
100;29,95;2,5;-4888;-14544;6988;-652;165;-207
100;30,1;0,38;6916;-14412;6640;-516;-551;-113
100;30,14;0,66;-872;-13824;8352;-638;833;178
100;30,0;-0,87;4140;-15024;6352;-440;-727;239
100;29,97;0,26;-3616;-14408;7244;-577;479;92
100;30,12;-1,88;7344;-14648;6428;-500;-358;-174
100;30,03;-1,39;-1300;-13876;7352;-619;568;-33
100;29,83;-2,79;3600;-15168;6060;-438;-891;152
100;29,8;-1,59;-3760;-14432;7248;-622;198;-97
100;29,64;-2,17;1380;-14704;7004;-403;-924;-185
100;29,64;-1,61;-1448;-13744;7716;-531;896;362
100;29,62;-3,37;5212;-15012;6436;-391;-1152;-195
100;29,58;-2,23;-3376;-14356;7308;-609;495;290
100;29,42;-2,82;1492;-14968;6952;-377;-939;-176
100;29,38;-2,79;244;-14108;7712;-524;643;410
100;29,25;-4,67;5208;-15388;5500;-395;-951;-148
100;29,35;-3,37;-4144;-14384;7972;-525;590;305
100;29,17;-4,11;1972;-15276;6816;-391;-1059;-46
100;29,25;-3,26;-2376;-13612;7836;-389;562;128
100;29,32;-5,21;6484;-15112;6200;-286;-663;90
100;29,22;-4,79;-648;-14012;7016;-339;742;515
100;29,2;-5,65;2920;-15104;7568;-244;-694;84
100;29,23;-5,41;-176;-13536;7732;-356;498;-35
100;29,23;-7,18;5800;-15300;6048;-229;-556;-232
100;29,0;-6,76;-496;-14540;6380;-415;460;34
100;28,87;-7,38;2060;-14904;6836;-246;-707;-297
100;28,88;-6,42;-2200;-13824;7352;-346;768;-259
100;28,85;-7,99;5292;-15544;6416;-316;-677;-261
100;28,7;-7,22;-1356;-14156;6636;-497;739;234
100;28,68;-8,1;3192;-14760;7328;-388;-720;-233
100;28,71;-7,43;-1188;-13496;7600;-487;747;343
100;28,61;-6,65;-2168;-14820;7060;-385;-1031;-117
100;28,54;-6,38;88;-14188;7432;-538;1068;208
100;28,45;-7,15;2524;-15124;7024;-359;-978;153
100;28,46;-6,47;-1384;-13560;7556;-573;521;29
100;28,33;-6,79;1144;-15028;7164;-450;-975;-126
100;28,37;-6,51;-8;-13468;7632;-431;766;493
100;28,13;-7,53;2936;-15648;5904;-421;-807;43
100;28,26;-6,51;-2688;-13800;8060;-384;429;135
100;28,05;-6,69;720;-15708;6856;-420;-998;245
100;28,16;-6,98;1892;-13536;7768;-264;799;187
100;28,08;-8,4;4528;-15484;6220;-333;-936;-100
100;28,02;-9,01;2676;-14084;6448;-232;717;387
100;27,85;-8,54;-956;-15216;6800;-373;-1012;68
100;27,95;-8,14;-196;-13744;8008;-233;837;97
100;27,99;-9,68;5368;-15176;6444;-273;-981;-256
100;28,01;-9,77;1440;-13888;7340;-268;757;73
100;27,72;-9,47;-356;-15220;5952;-341;-1071;35
100;27,74;-8,57;-1616;-13748;7260;-289;868;344
100;27,87;-9,95;5388;-14964;7176;-273;-822;117
100;27,84;-9,95;1160;-14052;7124;-281;780;254
100;27,56;-9,24;-1356;-15280;5848;-370;-1126;-198
100;27,51;-8,75;-216;-14120;7168;-428;1129;13
100;27,53;-9,91;4132;-14716;6692;-298;-879;68
100;27,48;-9,64;364;-14040;7132;-392;780;401
100;27,28;-8,92;-1460;-15032;6348;-506;-970;-62
100;27,15;-8,19;-944;-14084;6504;-493;936;455
100;26,92;-7,14;-2372;-15320;5952;-554;-980;115
100;26,97;-6,33;-1540;-13708;7416;-482;775;47
100;26,79;-6,0;-572;-15084;6624;-581;-779;65
100;26,92;-5,34;-1376;-13580;7996;-491;500;344
100;26,77;-4,54;-2032;-15452;6624;-455;-876;-177
100;26,78;-4,27;-76;-14012;7468;-525;694;277
100;26,65;-4,73;1440;-14896;6564;-463;-823;19
100;26,74;-3,96;-1700;-13748;7664;-491;674;-175
100;26,67;-2,9;-2904;-14800;6448;-353;-874;72
100;26,68;-2,39;-952;-13968;7364;-537;695;73
100;26,57;-3,21;2308;-15216;6544;-322;-994;110
100;26,62;-3,81;2648;-14184;7184;-358;939;-37
100;26,52;-3,54;-764;-14988;6788;-327;-1244;9
100;26,54;-3,17;-476;-14116;7428;-413;692;23
100;26,45;-4,37;3428;-15328;6128;-264;-990;-191
100;26,42;-3,98;-384;-13940;6848;-339;850;237
100;26,35;-3,73;-696;-15120;7092;-338;-1207;-163
100;26,38;-3,22;-748;-14016;7316;-331;996;434
100;26,21;-2,14;-2756;-15340;5860;-366;-853;-68
100;26,24;-2,01;64;-13892;7184;-287;443;481
100;26,12;-2,23;532;-15080;6652;-368;-1158;-134
100;26,26;-1,38;-2116;-13776;7696;-310;928;360
100;26,13;-0,15;-3336;-15424;5868;-398;-747;-56
100;26,11;-0,38;984;-13968;6832;-356;555;132
100;25,97;-0,75;888;-14984;6488;-446;-917;173
100;26,0;-0,5;-336;-13676;7096;-387;622;57
100;25,89;0,19;-2044;-15124;6492;-438;-763;101
100;25,84;0,34;-72;-14312;6808;-390;672;2
100;25,78;-0,07;1080;-15028;6968;-461;-603;-105
100;25,8;-0,08;332;-14132;7232;-427;430;150
100;25,72;0,29;-1224;-15048;6796;-423;-843;-161
100;25,77;0,9;-1552;-13852;7172;-439;616;83
100;25,73;0,11;2120;-15088;6932;-422;-815;174
100;25,77;-0,05;840;-14184;7336;-474;636;-27
100;25,71;-0,11;8;-15104;6976;-318;-846;4
100;25,68;0,39;-1076;-14084;6796;-472;652;47
100;25,67;-0,19;1460;-14856;7048;-285;-1049;37
100;25,74;-0,63;1792;-14244;7376;-400;727;444
100;25,66;-0,5;-596;-15088;6728;-310;-1089;16
100;25,64;-0,01;-1032;-14032;6800;-435;604;399
100;25,57;0,83;-2548;-15152;6368;-350;-860;-231
100;25,63;1,37;-1392;-14280;7292;-283;552;353
100;25,54;0,91;904;-14800;6556;-356;-1128;-286
100;25,51;1,35;-940;-14364;6744;-336;826;334
100;25,54;2,74;-4624;-15296;6256;-445;-1056;-90
100;25,6;2,55;736;-14212;7408;-369;737;91
100;25,47;1,9;1264;-14724;6208;-457;-1178;-3
100;25,56;2,45;-1440;-13900;7404;-418;902;156
100;25,48;3,52;-3412;-15292;5944;-417;-1161;-37
100;25,48;3,62;-48;-14332;7312;-638;1251;31
100;25,49;2,75;1924;-14308;6800;-451;-1236;-51
100;25,52;2,33;1464;-13960;7052;-529;948;337
100;25,33;2,72;-1464;-15108;5940;-586;-1307;63
100;25,38;2,99;-552;-14036;7344;-547;1133;250
100;25,37;1,72;3276;-15052;6632;-585;-997;-219
100;25,42;1,43;1160;-14032;7284;-592;915;30
100;25,36;0,72;1660;-14968;6668;-429;-1007;-146
100;25,43;1,53;-2244;-14104;7268;-601;798;282
100;25,49;-0,2;4860;-15156;6152;-430;-959;155
100;25,5;0,02;-304;-14060;6892;-389;687;531
100;25,38;-1,08;2780;-15468;6080;-476;-883;223
100;25,52;-0,21;-2480;-14132;7504;-377;488;67
100;25,5;-0,81;1612;-15384;7096;-330;-811;-67
100;25,68;-0,59;-280;-13820;8076;-407;717;47
100;25,76;-2,43;5368;-15324;5912;-245;-961;273
100;25,91;-1,08;-3896;-14232;7152;-389;551;-122
100;25,87;-2,34;3452;-15320;6180;-215;-805;-34
100;25,98;-1,54;-2156;-14244;7592;-420;375;331
100;26,09;-3,37;5632;-15400;6068;-217;-945;-141
100;26,19;-2,2;-3060;-14156;7104;-381;740;283
100;26,11;-3,06;2252;-14664;6240;-320;-1021;49
100;26,19;-2,24;-1960;-13764;7036;-317;516;-64
100;26,46;-4,3;7372;-14952;6272;-395;-717;-193
100;26,61;-3,73;-1188;-13924;8060;-408;692;-24
100;26,69;-5,5;5596;-15400;6112;-345;-1127;-26
100;26,7;-4,42;-2560;-14472;7068;-491;566;179
100;27,09;-6,77;9252;-15016;5712;-396;-595;237
100;27,21;-5,67;-2544;-13608;7512;-475;918;118
100;27,56;-7,88;8872;-15144;6136;-389;-733;-156
100;27,63;-6,42;-3684;-14524;7196;-456;684;37
100;27,72;-8,09;5860;-15336;6444;-486;-969;3
100;27,81;-7,0;-2528;-13980;7572;-405;531;321
100;27,98;-8,86;7180;-15372;6268;-474;-423;99
100;28,08;-7,51;-3436;-14628;7628;-350;510;-72
100;28,08;-8,99;5060;-15484;6304;-352;-941;-13
100;28,08;-7,99;-2084;-14424;7352;-494;499;184
100;28,33;-9,98;7856;-14984;6000;-340;-474;-2
100;28,4;-8,35;-4256;-14844;7284;-427;483;-151
100;28,42;-9,82;5216;-15252;6308;-343;-841;-19
100;28,4;-8,66;-2448;-14768;7268;-413;611;257
100;28,69;-10,44;7656;-14660;6744;-339;-308;-37
100;28,65;-9,58;-1436;-14284;7088;-296;455;-31
100;28,85;-11,31;6992;-14760;6464;-395;-597;48
100;28,85;-9,91;-3116;-14784;7224;-299;558;10
100;29,16;-11,59;7668;-14496;6948;-366;-80;-197
100;29,15;-10,3;-2752;-14444;7260;-428;483;21
100;29,22;-11,79;5584;-14408;6180;-333;-657;69
100;29,19;-10,39;-3100;-15068;7316;-401;570;-306
100;29,55;-12,09;8192;-14624;7168;-275;-29;205
100;29,51;-10,64;-3196;-14752;7176;-488;511;-79
100;29,67;-12,47;7208;-14584;5860;-313;-471;123
100;29,74;-10,63;-4672;-14624;7268;-453;586;168
100;29,84;-12,34;6756;-14996;6308;-460;-861;-196
100;29,75;-10,44;-4284;-14836;6200;-497;375;90
100;29,95;-12,15;7628;-14864;6464;-452;141;344
100;29,97;-10,51;-4144;-14744;7292;-420;28;200
100;30,15;-12,43;8076;-15156;6200;-530;-709;178
100;30,1;-10,89;-3412;-14916;7344;-546;752;-73
100;30,45;-12,59;8340;-14364;7200;-395;-163;-36
100;30,36;-11,09;-3188;-14748;7044;-528;584;143
100;30,7;-12,99;9272;-14752;6676;-453;-105;293
100;30,77;-10,86;-5812;-14996;6904;-342;222;258
100;30,98;-12,11;6248;-14028;7460;-398;370;247
100;31,0;-10,38;-4428;-14900;7612;-444;549;218
100;31,33;-12,22;8720;-14328;6524;-248;152;185
100;31,22;-10,31;-4700;-15196;6460;-444;-48;11
100;31,26;-11,12;4116;-14256;7380;-258;327;264
100;31,3;-9,28;-4984;-14880;7280;-286;220;21
100;31,66;-10,99;8680;-14336;7296;-225;322;83
100;31,68;-8,8;-6108;-14912;6332;-215;-234;-223
100;32,01;-10,62;8900;-14652;7036;-253;103;-120
100;32,11;-8,35;-6936;-14848;6664;-305;-215;-50
100;32,29;-9,87;7120;-14400;6956;-221;596;426
100;32,36;-7,61;-6944;-15024;6512;-306;-381;143
100;32,66;-9,32;8288;-14388;7276;-186;192;19
100;32,68;-7,35;-5796;-14776;7024;-309;-190;-214
100;32,7;-8,28;4328;-13952;7292;-225;523;338
100;32,64;-6,12;-6064;-14928;5972;-360;-408;80
100;32,85;-7,57;6936;-14312;7744;-320;398;-95
100;32,84;-5,56;-5952;-14824;6620;-305;-278;170
100;32,76;-6,48;4008;-14420;7096;-326;598;-20
100;32,83;-4,11;-7244;-14884;6300;-270;476;229
100;33,13;-5,79;8048;-14008;7704;-365;453;-7
100;33,18;-3,17;-8452;-15536;5344;-346;-253;116
100;33,23;-4,42;5356;-13712;7244;-472;846;31
100;33,27;-2,4;-6600;-14720;6940;-470;50;-280
100;33,18;-3,86;5348;-14516;6316;-447;553;308
100;33,24;-1,68;-7504;-14948;6508;-501;-412;117
100;33,12;-2,76;4160;-14272;6772;-436;919;238
100;33,09;-0,65;-6716;-15152;6388;-528;131;-155
100;33,25;-2,41;7468;-14404;7228;-428;521;27
100;33,17;-0,97;-4572;-14668;7236;-467;-418;87
100;33,45;-2,74;8136;-14192;7972;-417;251;350
100;33,24;-1,05;-4648;-15008;6056;-340;-183;-47
100;33,08;-1,91;3100;-14284;6964;-424;326;26
100;32,93;-0,24;-4912;-14892;6292;-338;-327;-60
100;33,04;-1,84;6240;-13992;7204;-349;191;367
100;32,79;-0,33;-4132;-15264;6148;-320;-258;190
100;32,8;-1,07;3104;-13988;8068;-289;489;255
100;32,47;0,1;-2964;-15176;5924;-326;-311;139
100;32,69;-1,76;7512;-14004;7164;-272;32;81
100;32,5;-0,36;-4076;-15480;6692;-279;-125;59
100;32,45;-0,68;1536;-13820;7872;-211;474;221
100;32,47;1,24;-6584;-15416;6900;-294;182;152
100;32,82;-0,56;8100;-13792;7996;-166;459;70
100;32,6;1,12;-4892;-15616;6016;-320;-204;-176
100;32,71;0,09;4240;-13816;8212;-152;624;50
100;32,76;1,91;-6468;-15120;7252;-300;207;-253
100;33,08;-0,24;8928;-14100;6960;-94;158;240
100;33,06;1,76;-6824;-15376;6356;-169;-234;-153
100;33,15;-0,57;8296;-15220;5744;-129;-291;235
100;33,33;1,45;-7292;-14232;7124;-79;395;20
100;33,59;-0,9;9452;-14556;6288;-119;-169;466
100;33,59;0,91;-6136;-15008;7044;-166;170;-16
100;33,51;-1,07;6256;-15216;6032;-4;-744;288
100;33,45;0,35;-4340;-14364;7260;-176;464;171
100;33,47;-1,76;7208;-14796;5932;-62;-412;-93
100;33,37;-1,81;676;-13632;7632;-107;484;354
100;33,16;-3,03;3764;-15044;6524;-69;-565;118
100;33,15;-2,07;-2652;-13576;7848;-73;397;468
100;32,98;-3,92;5612;-15372;5564;15;-626;134
100;32,76;-3,56;-416;-13892;6936;-142;525;116
100;32,57;-4,0;1568;-14904;7388;-104;-752;-311
100;32,46;-3,41;-1124;-13408;7264;-81;514;126
100;32,3;-4,61;3812;-15032;6692;-41;-908;-29
100;32,1;-5,24;2680;-14296;6756;-232;804;233
100;31,86;-4,55;-1836;-15048;7044;-250;-937;-11
100;31,64;-4,26;-100;-13804;6700;-193;635;239
100;31,64;-2,31;-6280;-14728;6452;-337;-545;-259
100;31,49;-3,06;2948;-14264;6928;-317;851;115
100;31,46;-1,58;-4828;-14616;7184;-301;-649;61
100;31,23;-1,8;1136;-14124;6820;-420;674;322
100;31,14;-0,03;-5296;-14696;6272;-415;-35;-23
100;31,08;-1,21;4192;-14136;7044;-441;498;385
100;31,14;0,75;-6972;-14844;6728;-593;-413;-231
100;31,37;-1,14;7664;-14008;7252;-440;247;311
100;31,18;0,35;-4344;-15112;6560;-608;136;-59
100;31,23;-1,12;5480;-13884;7196;-552;355;67
100;31,11;0,58;-5200;-14940;6284;-495;-264;249
100;31,38;-1,44;8532;-14292;7284;-533;146;249
100;31,3;0,35;-5588;-15048;6576;-454;180;-199
100;31,65;-1,49;8436;-13900;8036;-493;499;235
100;31,4;-0,06;-3952;-14944;6128;-553;-141;-120
100;31,61;-2,17;8416;-14444;6696;-499;-91;-277
100;31,53;-0,27;-6000;-15216;6616;-642;380;77
100;31,85;-2,24;8588;-13868;7400;-411;316;-39
100;31,78;-1,06;-3468;-14360;7728;-592;532;-315
100;31,92;-3,08;7808;-14652;6816;-459;-408;28
100;31,96;-1,4;-5564;-14612;7640;-462;493;92
100;32,17;-3,48;8568;-14424;6860;-539;-150;-137
100;32,03;-2,76;-1740;-14236;7616;-519;371;-217
100;31,9;-4,45;5452;-14708;6180;-561;-610;-187
100;31,77;-3,27;-3104;-14620;7424;-482;585;51
100;31,51;-4,56;3960;-15556;6424;-581;-820;70
100;31,41;-4,23;-376;-14132;7908;-498;472;472
100;31,41;-5,99;6452;-14904;6720;-543;-736;247
100;31,23;-5,01;-2132;-14480;7152;-529;682;83
100;30,96;-6,05;3268;-15264;6452;-573;-826;-3
100;30,8;-5,29;-1676;-14356;7304;-467;70;388
100;30,67;-6,82;5084;-15148;6220;-489;-625;307
100;30,6;-5,64;-2888;-14100;7392;-468;476;378
100;30,71;-7,3;6832;-15064;7396;-461;-691;-74
100;30,6;-5,94;-3388;-14280;6888;-394;267;57
100;30,75;-7,76;7548;-15084;7104;-434;-717;216
100;30,69;-7,03;-1184;-14216;7924;-395;942;-40
100;30,68;-8,43;5116;-14284;6816;-424;-846;-49
100;30,77;-6,47;-5900;-14400;7180;-362;307;68
100;30,95;-8,56;8800;-15120;6224;-463;-332;-232
100;31,0;-6,99;-4164;-13428;7340;-396;472;-5
100;30,99;-8,73;6664;-15560;6564;-437;-780;-158
100;31,05;-7,12;-4548;-14092;7684;-358;353;206
100;31,05;-8,86;6472;-14760;6192;-424;-473;-146
100;31,01;-7,99;-1568;-13716;7720;-364;781;228
100;30,67;-8,94;2904;-15256;5724;-319;-848;293
100;30,65;-7,52;-3492;-14288;7552;-332;689;276
100;30,32;-7,35;-100;-15428;6436;-300;-1090;-121
100;30,31;-6,95;-156;-13628;7988;-379;708;126
100;30,03;-8,02;3132;-14984;5744;-319;-1017;167
100;30,01;-6,84;-2932;-14636;7868;-341;386;287
100;29,67;-7,04;880;-15596;6208;-286;-956;24
100;29,62;-7,03;1000;-13932;7668;-405;513;-11
100;29,36;-8,17;3508;-15428;5780;-311;-786;-145
100;29,35;-7,69;-392;-14084;7920;-317;611;49
100;29,07;-7,37;-412;-15444;6628;-354;-947;150
100;29,1;-7,17;496;-13592;8008;-443;730;-6
100;28,93;-8,25;3664;-15284;6388;-397;-857;-200
100;28,68;-7,85;-60;-14064;6252;-503;634;331
100;28,44;-8,34;1844;-15432;6488;-387;-926;-11
100;28,47;-7,45;-1700;-14000;8000;-481;752;-61
100;28,44;-8,92;5268;-15184;6444;-415;-885;171
100;28,36;-8,41;-244;-13800;7228;-535;969;140
100;28,19;-8,8;1668;-15264;6932;-378;-1150;-153
100;28,16;-8,17;-732;-13960;7692;-589;767;115
100;28,24;-9,85;6184;-14748;6300;-359;-998;-192
100;28,15;-9,16;-684;-13776;7048;-480;932;577
100;27,97;-9,6;1844;-14988;6668;-422;-1080;12
100;27,99;-8,81;-1260;-13700;7608;-470;553;405
100;27,82;-9,08;1404;-15028;6928;-514;-993;80
100;27,72;-8,87;616;-13988;6916;-411;811;43
100;27,6;-9,65;3032;-15124;6740;-497;-790;-68
100;27,73;-8,67;-2064;-13824;8284;-390;366;141
100;27,55;-8,86;1180;-15356;6836;-437;-866;103
100;27,61;-8,52;204;-13764;8052;-493;688;293
100;27,36;-9,54;3176;-15596;5628;-397;-957;-58
100;27,34;-9,55;1412;-13660;7148;-482;944;-10
100;27,19;-10,36;3084;-15496;6448;-425;-768;-145
100;27,23;-8,87;-3316;-13760;7036;-458;577;363
100;27,39;-10,5;6432;-14576;6544;-511;-938;93
100;27,42;-10,31;1084;-14188;7888;-457;1172;332
100;27,38;-11,21;3472;-14496;6732;-508;-1092;50
100;27,3;-9,32;-4144;-14492;6052;-565;433;-99
100;27,07;-9,49;972;-14764;6248;-546;-1220;197
100;26,94;-8,71;-848;-14308;6804;-677;1090;332
100;27,16;-10,42;7172;-14704;6740;-610;-733;153
100;27,3;-8,39;-5660;-14588;7180;-697;442;-117
100;27,47;-9,94;6592;-15040;7204;-654;-871;229
100;27,5;-7,78;-5700;-14812;6244;-665;221;68
100;27,72;-9,54;7468;-14920;6616;-549;-442;170
100;27,77;-8,41;-2300;-14116;7816;-592;691;204
100;27,77;-9,87;5348;-15256;6396;-483;-996;14
100;27,73;-8,43;-3152;-14612;7016;-559;460;169
100;27,95;-10,13;7064;-14376;6408;-393;-294;-123
100;28,0;-8,89;-2616;-13968;7508;-428;516;419
100;27,93;-10,12;4536;-15452;6444;-472;-920;-30
100;28,0;-8,45;-4080;-14300;7144;-401;463;214
100;28,21;-10,35;7964;-15108;6016;-352;-203;49
100;28,2;-9,11;-2396;-13788;6900;-272;443;-70
100;28,25;-10,56;5788;-15492;6580;-329;-687;15
100;28,37;-9,01;-3720;-14208;7632;-201;621;-231
100;28,27;-10,06;3780;-15300;6368;-254;-1027;-28
100;28,25;-8,83;-2468;-14160;6964;-199;362;-285
100;28,35;-10,38;6220;-15192;6448;-231;-553;74
100;28,4;-8,69;-4168;-14616;7076;-163;180;-80
100;28,38;-9,8;4100;-14860;6524;-162;-920;156
100;28,34;-8,88;-1424;-14336;7280;-227;666;17
100;28,47;-10,51;6356;-14668;6196;-180;-676;216
100;28,59;-8,54;-5468;-14896;7112;-243;117;-174
100;28,76;-10,18;6744;-15032;6700;-145;-907;238
100;28,84;-8,33;-4780;-14672;7220;-348;510;163
100;29,11;-10,1;7700;-14528;6672;-210;-470;-18
100;29,1;-8,37;-3928;-14280;6708;-308;573;-39
100;29,19;-10,08;6760;-15004;6152;-370;-458;-10
100;29,35;-7,69;-7148;-14660;6380;-430;-130;313
100;29,66;-9,51;8656;-14616;6716;-386;309;288
100;29,78;-7,47;-5520;-13996;6988;-422;516;-157
100;29,94;-9,15;7044;-14636;6616;-428;-325;-235
100;29,9;-7,44;-4196;-14700;6964;-421;368;197
100;29,86;-9,15;5900;-15056;5652;-378;-816;-208
100;29,8;-7,35;-4428;-14764;6816;-594;488;117
100;30,04;-9,19;7940;-14512;6616;-428;-481;149
100;29,97;-7,24;-4868;-15112;6536;-488;423;-136
100;29,91;-8,88;5644;-15008;5804;-357;-879;-146
100;29,89;-6,99;-4964;-14936;6812;-503;224;-188
100;30,02;-8,82;7148;-14488;6120;-440;-661;-155
100;30,14;-6,45;-7252;-15256;6632;-442;214;85
100;30,1;-8,26;6424;-15504;5636;-365;-554;181
100;30,21;-6,79;-3856;-13784;7768;-370;205;185
100;30,17;-8,51;6252;-15188;5780;-452;-405;-47
100;30,25;-7,84;-876;-13040;8004;-338;519;285
100;29,91;-8,36;2000;-15804;5960;-383;-700;224
100;30,02;-7,61;-1216;-13492;8412;-365;544;127
100;29,91;-9,12;5048;-14952;5648;-234;-828;23
100;30,02;-9,27;2096;-13360;8196;-408;765;190
100;29,69;-9,38;972;-15696;6156;-281;-918;46
100;29,77;-8,91;60;-13468;8156;-342;938;-210
100;29,66;-7,66;-3040;-14924;6868;-281;-865;60
100;29,51;-7,41;436;-14136;6828;-303;652;-98
100;29,32;-7,54;1068;-14948;6880;-387;-776;-289
100;29,14;-7,18;160;-14252;6676;-473;861;325
100;28,99;-5,73;-3404;-14548;6104;-351;-680;-211
100;28,87;-5,97;1772;-14708;7076;-451;600;91
100;28,67;-5,23;-1492;-14972;6592;-392;-652;107
100;28,51;-4,63;-788;-14288;6596;-360;515;86
100;28,4;-3,02;-4220;-15020;6128;-448;-628;13
100;28,32;-3,32;1660;-13924;6796;-330;649;303
100;28,24;-2,1;-3240;-14944;6848;-374;-372;-181
100;28,4;-3,44;5464;-14388;7296;-406;230;380
100;28,44;-1,73;-4988;-14380;6472;-385;-553;-72
100;28,28;-2,37;2428;-14536;6468;-508;491;409
100;28,21;-1,57;-2020;-14428;7076;-441;-336;-28
100;28,55;-3,19;7408;-14456;7756;-340;451;154
100;28,53;-1,36;-5180;-14936;6240;-453;-208;146
100;28,53;-2,11;2892;-14080;7136;-301;234;65
100;28,69;-0,01;-6972;-14996;6700;-470;150;-247
100;29,08;-1,86;8088;-14012;7364;-295;302;344
100;29,14;-0,03;-5720;-15340;6848;-306;79;256
100;29,45;-1,63;6680;-13848;7632;-245;181;97
100;29,61;0,1;-5636;-14288;7504;-391;417;-179
100;29,8;-1,96;7712;-14916;6220;-225;-214;-72
100;29,87;-0,59;-4128;-14624;7784;-316;486;30
100;30,2;-2,71;8736;-14248;6392;-297;130;-93
100;30,16;-1,67;-2672;-14160;7324;-275;300;84
100;30,14;-3,48;5992;-15292;6040;-338;-695;-8
100;30,02;-2,34;-2808;-14764;7076;-436;494;-23
100;29,9;-3,23;2872;-14648;6752;-300;-729;-96
100;29,79;-2,64;-1084;-13908;7084;-443;473;294
100;29,85;-4,32;6040;-14992;6624;-290;-694;-177
100;29,71;-3,52;-1500;-14156;6920;-475;733;-46
100;29,46;-3,56;352;-14916;6484;-415;-829;-131
100;29,32;-3,4;268;-14184;7116;-539;602;90
100;29,3;-4,95;5476;-15336;6576;-493;-635;19
100;29,36;-3,34;-4516;-14100;7088;-467;276;21
100;29,16;-3,46;520;-15140;7044;-473;-1006;-78
100;29,09;-3,3;304;-13932;7276;-475;662;-22
100;29,13;-4,95;5960;-15180;6616;-467;-640;-157
100;29,02;-5,33;2004;-14280;6936;-441;632;117
100;28,82;-5,37;468;-14948;6884;-538;-993;-217
100;28,8;-4,81;-788;-13840;7412;-397;690;-2
100;28,72;-5,91;3868;-15252;6864;-445;-796;-25
100;28,58;-5,78;504;-14332;6848;-367;516;240
100;28,43;-6,18;1624;-15324;7052;-444;-910;68
100;28,43;-5,54;-852;-13636;7372;-327;954;424
100;28,34;-4,31;-3336;-15224;6820;-385;-791;-58
100;28,23;-4,52;1400;-14300;6776;-278;632;226
100;28,02;-4,31;-340;-14992;6504;-377;-1098;-82
100;27,93;-3,66;-928;-13952;6796;-342;1019;49
100;27,85;-2,4;-3496;-15220;6684;-384;-637;6
100;27,84;-2,32;464;-13988;7400;-324;669;450
100;27,78;-2,59;972;-14964;7568;-437;-928;-190
100;27,68;-1,56;-2192;-13896;6324;-378;682;406
100;27,55;-0,71;-2436;-14872;6552;-445;-1047;-95
100;27,45;-0,46;-220;-14132;6832;-368;604;162
100;27,32;-0,83;1068;-15064;6928;-446;-828;209
100;27,3;-0,91;780;-14296;7284;-305;601;232
100;27,1;-0,7;-504;-14920;6424;-425;-733;-204
100;27,02;-0,12;-1196;-13912;6584;-348;417;126
100;26,92;-0,59;1440;-15280;7084;-418;-603;199
100;26,8;-0,63;564;-14648;6640;-317;563;253
100;26,7;-0,2;-1208;-14824;6896;-412;-643;-233
100;26,66;0,09;-444;-13996;6864;-307;523;80
100;26,55;-0,27;1072;-15396;7120;-453;-708;-232
100;26,49;-0,08;-100;-14320;6856;-310;642;92
100;26,28;0,45;-1320;-14856;5952;-395;-574;-103
100;26,14;-0,04;1568;-14284;6044;-353;500;243
100;26,26;1,56;-5316;-14796;6800;-491;-435;23
100;26,28;1,42;696;-14020;7252;-305;491;266
100;26,36;2,93;-4988;-14812;6432;-346;-808;53
100;26,39;1,77;3788;-14324;6584;-408;864;511
100;26,48;3,42;-5400;-14800;6360;-373;-410;-118
100;26,52;2,81;1984;-14188;7256;-338;529;478
100;26,47;3,9;-3468;-14816;6312;-332;-854;228
100;26,83;2,2;6612;-14060;7564;-301;576;190
100;26,91;3,88;-5516;-14956;6212;-359;-464;26
100;26,88;3,02;2664;-14464;6848;-410;639;214
100;26,91;4,28;-4168;-14756;6616;-318;-487;-189
100;27,25;2,75;6004;-13984;7980;-357;614;56
100;27,42;4,68;-6796;-14732;6028;-351;-527;-190
100;27,5;3,58;3796;-14436;7332;-434;999;149
100;27,53;4,77;-4044;-14740;6828;-331;-342;45
100;27,87;2,87;7144;-13916;7240;-411;402;402
100;27,94;4,54;-5644;-15008;6368;-330;-250;120
100;28,02;3,46;3672;-14364;7508;-451;725;28
100;28,14;5,21;-6244;-15404;6668;-342;60;-316
100;28,43;3,26;7008;-14028;7032;-406;276;90
100;28,43;4,73;-4812;-15084;6548;-350;68;172
100;28,5;3,68;3432;-14124;7508;-442;519;216
100;28,66;5,4;-6340;-14840;6788;-349;-58;-247
100;28,94;3,4;7256;-14176;6920;-407;425;304
100;28,98;5,15;-5920;-15116;6264;-346;64;-305
100;29,12;3,38;5648;-14296;6916;-331;-182;305
100;29,16;4,83;-5216;-15180;7040;-438;-91;-102
100;29,37;3,0;6484;-14348;7076;-341;448;310
100;29,44;4,77;-6204;-14836;6216;-399;-380;-65
100;29,66;2,77;6956;-14332;6820;-315;69;80
100;29,64;4,05;-4476;-15192;7192;-482;-33;-226
100;29,79;2,96;3748;-14108;8152;-308;314;222
100;29,81;4,39;-4980;-15024;7112;-414;226;13
100;30,06;2,37;7004;-13956;6824;-305;-49;391
100;29,99;3,62;-4212;-15212;6944;-437;-78;-188
100;30,06;2,54;3520;-14008;7592;-339;356;372
100;30,02;3,66;-3680;-14844;7152;-287;335;-126
100;30,3;1,78;6820;-13800;7348;-320;-66;262
100;30,31;3,7;-6436;-15328;5960;-344;-64;-170
100;30,46;2,14;5508;-14140;7404;-317;487;-116
100;30,35;3,05;-2860;-15176;7060;-190;361;134
100;30,63;1,16;6944;-13792;7332;-309;-28;137
100;30,67;3,07;-6560;-15180;6264;-347;-35;-295
100;30,87;1,05;7120;-14060;6688;-381;97;12
100;30,66;2,03;-2776;-15400;6588;-251;414;225
100;31,09;-0,03;8880;-13876;7824;-406;99;235
100;31,31;2,23;-8708;-15000;6176;-391;-197;-81
100;31,68;-0,25;9976;-14300;6236;-393;-19;39
100;31,64;1,66;-6232;-15368;6232;-407;213;229
100;31,93;-0,03;6904;-13832;8124;-398;260;391
100;31,9;1,66;-5660;-14944;6744;-425;175;96
100;32,25;-0,48;8880;-13960;7216;-437;227;73
100;32,17;1,2;-5412;-15212;6596;-423;194;341
100;32,35;-0,45;6312;-14100;7744;-282;95;288
100;32,35;1,42;-6388;-15060;6592;-466;132;114
100;32,54;-0,67;7628;-14236;6768;-298;-313;-144
100;32,51;1,18;-6312;-15208;6620;-475;111;140
100;32,41;-0,8;5772;-15192;5908;-238;-838;-306
100;32,33;0,53;-4060;-14424;7024;-333;421;51
100;32,35;-1,52;6620;-14724;6200;-367;-681;80
100;32,26;0,24;-5420;-14800;6348;-392;230;-42
100;32,04;-1,29;4148;-15064;6028;-393;-750;97
100;31,99;-1,06;-268;-13756;8008;-449;975;453
100;31,83;-2,95;5352;-15124;5536;-283;-782;-112
100;31,9;-1,83;-3500;-13560;7988;-322;443;-167
100;31,67;-1,75;-500;-15196;7288;-425;-1139;-79
100;31,57;-1,46;-520;-13852;7488;-346;534;401
100;31,26;-2,76;3268;-15396;5772;-327;-945;-41
100;31,09;-3,44;2488;-14236;6712;-361;718;69
100;30,9;-2,91;-1640;-14948;7052;-334;-1025;-43
100;30,75;-2,92;520;-14032;7224;-469;669;261
100;30,59;-3,68;2300;-14760;6988;-395;-772;-311
100;30,54;-4,28;2556;-14144;7428;-366;728;261
100;30,3;-3,36;-2528;-15200;6548;-410;-772;-82
100;30,18;-2,94;-704;-13960;7152;-368;691;203
100;29,95;-3,16;580;-15108;6904;-402;-897;-79
100;29,93;-3,34;1208;-13856;7656;-347;733;210
100;29,82;-1,87;-4396;-14840;6296;-400;-754;-79
100;29,83;-1,45;-928;-13620;7948;-487;707;32
100;29,84;0,6;-6832;-15616;5992;-458;-309;101
100;29,8;-0,08;2428;-13732;7160;-347;838;57
100;29,63;1,06;-3588;-15220;6488;-440;-693;33
100;29,54;0,86;796;-13884;7128;-371;717;441
100;29,55;2,45;-5524;-14848;6744;-501;-288;-57
100;29,48;1,86;1892;-14124;7188;-378;696;139
100;29,18;2,63;-2400;-15584;6052;-419;-856;-80
100;29,11;1,56;3204;-13888;6632;-489;639;129
100;29,03;2,9;-4424;-15108;6444;-336;-580;5
100;29,0;1,79;3588;-14196;6872;-445;936;168
100;28,85;2,6;-2952;-15244;6692;-384;-1205;-217
100;28,79;1,56;3132;-14360;6844;-319;447;136
100;28,74;3,35;-5948;-15432;5596;-397;-1077;-282
100;28,7;2,8;1712;-14152;7344;-335;631;276
100;28,78;4,5;-6356;-15216;6520;-364;-646;124
100;28,86;3,31;3884;-13900;7408;-349;682;275
100;28,69;4,31;-3424;-15276;6204;-310;-971;42
100;28,57;4,43;-456;-14120;6916;-406;635;213
100;28,46;5,79;-4596;-15420;6040;-328;-700;173
100;28,46;4,89;2700;-14040;7268;-431;882;47
100;28,31;5,25;-1880;-15004;6796;-371;-1258;73
100;28,23;5,24;-36;-14196;7388;-549;1041;-14
100;28,08;6,47;-3984;-15260;5856;-329;-496;146
100;27,92;5,59;2132;-14036;6204;-453;765;276
100;27,72;5,49;-508;-15128;6612;-431;-1044;-356
100;27,97;3,88;5796;-13864;7476;-345;1024;45
100;27,9;4,67;-3020;-14760;6900;-444;-749;-156
100;27,82;4,39;724;-14096;6932;-359;880;167
100;27,62;4,12;120;-15108;6708;-503;-901;-383
100;27,49;3,41;1852;-14288;6480;-399;682;255
100;27,5;4,09;-2920;-14792;7404;-399;-1012;-66
100;27,4;3,68;1048;-14392;6876;-376;651;210
100;27,25;2,83;1864;-15156;6648;-374;-749;-134
100;27,17;1,9;2596;-14368;6464;-372;618;370
100;27,06;2,11;-1116;-15004;6892;-259;-972;-191
100;26,93;2,07;56;-14224;6552;-347;422;220
100;26,92;3,0;-3176;-14520;6696;-219;-549;300
100;26,73;2,38;1528;-14464;5952;-350;605;327
100;26,63;2,65;-1296;-15028;6776;-187;-848;-108
100;26,63;2,2;1212;-13712;6988;-341;352;-107
100;26,63;2,9;-2504;-14556;6916;-154;-563;1
100;26,56;2,12;2116;-14296;6452;-275;604;371
100;26,57;3,15;-3716;-14900;6680;-159;-992;71
100;26,56;2,33;2380;-14052;6744;-289;807;179
100;26,65;3,82;-5196;-14872;6424;-223;-568;56
100;26,64;3,08;2088;-14528;7080;-294;560;254
100;26,61;4,02;-3540;-15116;6708;-300;-1020;21
100;26,86;2,31;6052;-14252;7060;-319;850;318
100;26,96;4,18;-6488;-15084;5752;-302;-596;14
100;27,0;3,66;1520;-14112;7540;-365;717;-60
100;26,87;4,29;-2436;-15056;6396;-426;-1041;-121
100;27,17;2,56;6504;-14112;7476;-426;953;140
100;27,3;4,33;-6572;-15336;6292;-380;-640;-26
100;27,26;3,89;1236;-13884;7128;-557;874;26
100;27,4;5,97;-7368;-15156;5484;-441;-133;75
100;27,57;4,75;4052;-13624;7608;-490;1120;509
100;27,39;5,46;-2568;-15120;6128;-448;-749;121
100;27,33;5,21;520;-13984;7112;-554;790;547
100;27,31;6,99;-5956;-15344;5500;-649;-214;81
100;27,43;6,08;2676;-13632;7816;-566;802;190
100;27,17;6,56;-2052;-15500;6036;-612;-930;-91
100;27,15;6,44;52;-14188;7616;-782;805;134
100;26,97;7,55;-3820;-15456;5808;-713;-627;-127
100;26,92;7,51;-352;-14080;7180;-717;673;120
100;26,75;6,12;2872;-14996;6140;-690;-970;-178
100;26,73;5,72;916;-14240;7376;-655;808;-20
100;26,69;5,13;944;-14636;7464;-710;-834;-220
100;26,71;6,02;-3040;-13916;7016;-767;645;-48
100;26,66;4,14;4620;-15064;6004;-634;-920;-174
100;26,78;5,06;-3192;-13576;7304;-592;684;-69
100;26,69;3,29;4164;-15044;5844;-560;-1052;-314
100;26,49;3,51;-680;-15432;6572;-674;809;141
100;26,31;2,07;3236;-15632;5860;-536;-910;-35
100;26,4;2,09;-216;-14308;7980;-435;376;194
100;26,62;0,2;5964;-14272;6760;-416;-565;-110
100;26,67;1,37;-3728;-15228;7276;-403;608;-18
100;26,74;-0,72;5912;-15356;5772;-275;-970;241
100;26,76;0,12;-2564;-14924;7372;-364;417;276
100;27,01;-2,04;7040;-14320;5960;-264;-400;341
100;27,05;-0,17;-5588;-15456;5980;-238;413;327
100;27,11;-2,09;5528;-14776;5796;-311;-618;253
100;27,26;-0,61;-4832;-14760;7268;-287;372;36
100;27,62;-2,59;7584;-14356;6972;-194;93;-135
100;27,82;-0,93;-5692;-14504;7208;-339;211;-78
100;28,19;-3,39;9208;-14804;5720;-228;-283;-124
100;28,39;-1,48;-6840;-15468;7032;-261;2;212
100;28,69;-3,08;6264;-13980;7544;-264;335;222
100;28,81;-1,52;-5148;-14848;7224;-241;157;101
100;29,04;-3,47;6996;-14332;6472;-214;34;277
100;28,87;-1,95;-4148;-15820;5896;-356;-118;21
100;29,19;-4,58;9776;-15208;5084;-290;-464;230
100;29,22;-3,09;-4420;-14804;7036;-335;336;192
100;29,28;-4,39;4472;-13940;6712;-278;362;310
100;29,1;-3,25;-3028;-15732;6388;-321;-126;107
100;29,34;-5,4;8116;-14776;6020;-344;-16;334
100;29,21;-4,09;-3536;-15280;6544;-394;1;130
100;29,39;-5,51;5516;-14012;7220;-332;385;485
100;29,37;-3,42;-6264;-15544;5704;-414;-315;50
100;29,56;-5,02;5980;-13932;6996;-351;67;255
100;29,52;-3,3;-5180;-15316;6336;-432;-369;-90
100;29,55;-3,56;1352;-13780;7840;-447;602;208
100;29,7;-1,53;-7032;-15092;6632;-350;-44;-17
100;29,87;-2,92;5248;-13860;7372;-388;552;265
100;29,66;-1,43;-4092;-15852;5952;-413;-206;-20
100;29,72;-1,7;1300;-13632;7852;-339;775;76
100;29,64;-0,18;-4868;-15696;6624;-487;-213;-286
100;29,76;-1,19;3716;-13692;7652;-333;601;135
100;29,66;0,46;-5084;-15472;6136;-458;-213;-130
100;29,93;-1,66;8176;-14568;6480;-401;455;94
100;29,95;0,11;-6076;-15600;6552;-329;-440;-300
100;30,0;-0,45;2164;-13652;7776;-383;865;138
100;29,84;1,1;-4516;-15484;5692;-225;-517;230
100;29,88;-0,22;4196;-13928;6752;-229;417;257
100;29,61;0,8;-2792;-15708;6036;-343;-106;-73
100;29,68;0,32;1648;-13504;7768;-220;469;92
100;29,6;1,67;-4380;-15544;6692;-394;-130;-196
100;29,76;0,57;3988;-13744;7952;-279;526;84
100;29,6;1,91;-4048;-15600;6124;-293;-193;5
100;29,69;0,88;3520;-14044;7616;-199;536;-13
100;29,54;2,26;-4100;-15264;5988;-215;-159;236
100;29,62;1,09;3864;-13916;7348;-321;518;50
100;29,72;2,89;-6648;-15280;6512;-195;-528;179
100;29,81;1,6;4092;-14048;7372;-236;92;-89
100;29,91;3,6;-7200;-15416;6044;-232;-208;31
100;29,98;2,42;3876;-14068;7468;-270;662;25
100;29,78;3,84;-4236;-15192;5440;-193;-682;199
100;29,96;2,19;5656;-14152;7348;-245;236;114
100;30,15;4,28;-8432;-15496;6260;-311;-530;-87
100;30,26;3,1;3864;-13668;7484;-163;802;392
100;29,97;3,95;-2716;-15072;5704;-334;-934;-152
100;30,12;2,22;5852;-14056;7068;-344;307;138
100;30,18;3,94;-6412;-15100;6528;-434;-504;-129
100;30,09;2,94;3068;-14196;6840;-451;1136;203
100;30,14;4,7;-6352;-15020;6368;-383;-157;128
100;30,15;3,35;4252;-14112;7076;-457;787;450
100;30,05;4,5;-4108;-14924;6612;-472;-539;184
100;29,94;4,24;652;-14212;7284;-440;759;172
100;29,84;5,71;-5056;-15164;5996;-452;-522;-185
100;29,77;4,75;2832;-14480;7292;-505;863;-57
100;29,61;5,13;-1908;-14772;6836;-346;-1044;-208
100;29,76;3,93;3916;-13536;7768;-348;693;73
100;29,49;5,25;-3964;-15296;5160;-329;-957;-282
100;29,41;5,27;-276;-14016;7232;-309;844;205
100;29,2;4,56;1200;-15132;6768;-436;-1094;-120
100;29,16;4,33;572;-14020;7520;-433;859;405
100;28,99;4,2;-284;-14788;6792;-255;-753;-30
100;28,79;3,88;704;-14256;6468;-462;685;216
100;28,65;4,55;-2508;-14856;6520;-321;-575;66
100;28,57;4,47;52;-14004;7092;-297;759;348
100;28,49;3,24;3092;-15120;6904;-319;-667;65
100;28,45;3,68;-1508;-13812;6964;-242;439;24
100;28,34;2,95;1604;-15024;7164;-342;-654;-132
100;28,3;3,83;-2808;-14024;6688;-281;312;278
100;28,21;2,87;2328;-15220;7060;-292;-528;-147
100;28,17;2,9;-252;-14184;7240;-196;418;-33
100;28,01;1,97;2012;-15096;6496;-222;-879;59
100;27,93;2,29;-1036;-14132;6824;-240;362;386
100;27,87;1,63;1528;-14592;7204;-295;-567;125
100;27,92;1,18;1368;-13824;7616;-259;410;138
100;27,7;1,19;-424;-15312;6372;-299;-810;-73
100;27,7;1,52;-1048;-13912;7264;-246;458;239
100;27,58;1,32;88;-14688;6912;-336;-900;101
100;27,62;0,92;1236;-13668;7344;-214;531;297
100;27,37;1,23;-1172;-15360;6140;-373;-733;154
100;27,27;1,17;164;-14208;6712;-296;464;490
100;27,23;2,59;-4712;-15340;6240;-386;-573;38
100;27,29;1,97;1876;-13504;7224;-236;659;291
100;27,14;2,84;-2828;-15056;6204;-385;-614;0
100;27,06;2,6;560;-14256;6908;-408;548;272
100;27,03;4,11;-4988;-15228;6088;-495;-287;-291
100;27,01;3,56;1444;-13900;6928;-333;654;84
100;26,78;3,57;-496;-15136;6152;-387;-528;-84
100;26,79;4,05;-1632;-13892;7132;-431;608;426
100;26,83;5,34;-4808;-14920;6648;-486;-539;132
100;26,77;4,94;836;-13980;6824;-436;539;326
100;26,65;4,68;128;-15080;6980;-467;-441;-141
100;27,11;2,69;7984;-13992;7696;-379;732;313
100;27,02;3,95;-4056;-15092;6100;-517;-340;-176
100;27,09;3,68;628;-13540;7548;-415;587;184
100;26,87;4,22;-1964;-15176;6092;-545;-629;-376
100;27,05;2,72;4780;-13520;7024;-465;662;37
100;26,83;3,94;-3588;-15640;5520;-608;-410;-229
100;26,94;3,57;984;-13380;7876;-583;571;-93
100;26,86;4,94;-4540;-15728;6044;-494;-333;-135
100;26,94;4,65;664;-13248;7620;-554;675;465
100;26,73;5,28;-2220;-15060;5868;-493;-594;-108
100;26,62;4,52;1808;-14404;6456;-490;610;-26
100;26,38;5,25;-2332;-15680;5852;-545;-158;-160
100;26,52;4,36;2592;-13792;7796;-530;507;146
100;26,48;5,22;-3380;-14924;6544;-419;-1072;140
100;26,34;4,96;516;-14800;6628;-581;919;303
100;26,2;5,62;-2504;-15196;6204;-431;-658;-30
100;26,26;5,02;1596;-14320;7532;-384;766;267
100;26,19;4,44;880;-14760;6908;-381;-932;245
100;26,23;3,67;1904;-13744;6824;-244;385;17
100;26,09;3,92;-1288;-15428;6576;-336;-622;-134
100;26,04;4,1;-800;-14296;6584;-183;358;328
100;25,98;3,72;376;-15300;7108;-195;-886;29
100;25,9;3,34;856;-14336;6308;-145;640;274
100;25,87;3,81;-1932;-14924;6796;-127;-470;-267
100;25,83;3,19;1476;-14388;6564;-228;429;286
100;25,84;4,48;-4296;-15040;6016;-143;-570;60
100;25,86;3,77;1788;-14040;6820;-273;557;53
100;25,83;4,59;-2964;-15100;6468;-144;-517;-78
100;25,78;4,56;-156;-14464;6684;-181;640;210
100;25,86;6,09;-5364;-15212;6064;-233;-279;-78
100;26,04;4,69;4080;-13984;7112;-176;455;-72
100;26,04;5,54;-3148;-14852;6692;-289;-280;-416
100;25,96;5,39;-20;-14484;6460;-111;370;23
100;26,06;6,89;-5512;-15260;6232;-259;-312;-266
100;26,26;5,69;3476;-14312;7728;-65;351;187
100;26,33;6,89;-4464;-14964;6528;-139;-332;136
100;26,78;4,84;7248;-14008;7492;-23;208;330
100;26,93;6,27;-5400;-14800;6604;-95;-284;-145
100;27,19;4,51;5544;-14216;7228;-120;223;460
100;27,23;5,81;-4620;-14980;6380;-80;-282;-82
100;27,4;3,7;6116;-14516;6188;-153;-290;233
100;27,62;5,15;-5720;-14712;7304;-158;14;84
100;28,09;2,93;8136;-13876;7080;-9;89;104
100;28,17;3,91;-3528;-14216;7248;-238;287;175
100;28,21;1,91;5516;-14752;5776;-145;-281;-217
100;28,33;3,29;-4956;-14460;7048;-295;141;-95
100;28,63;1,02;8012;-14496;6404;-261;133;290
100;28,72;2,03;-3448;-14016;7504;-371;444;63
100;28,81;-0,2;6732;-14992;5800;-404;-636;97
100;28,89;1,24;-4748;-14392;7080;-370;671;133
100;29,14;-0,83;7420;-14372;6792;-503;-81;322
100;29,2;0,0;-2748;-14012;7712;-450;310;188
100;29,26;-1,93;6000;-14716;6320;-517;-581;93
100;29,27;-0,67;-3992;-14736;7276;-462;419;144
100;29,23;-2,53;5492;-15156;6104;-524;-669;-152
100;29,35;-1,52;-3272;-13540;7748;-470;205;-3
100;29,33;-3,67;6468;-15336;5504;-534;-704;-4
100;29,28;-2,81;-2364;-14624;7408;-508;561;51
100;29,12;-3,97;3308;-15364;6544;-520;-731;25
100;29,22;-3,49;-1256;-13620;8216;-463;451;242
100;29,27;-5,55;6716;-15216;5860;-478;-757;144
100;29,34;-4,06;-4552;-14532;7484;-577;635;262
100;29,06;-4,87;2148;-15464;6100;-529;-673;117
100;29,18;-4,12;-2028;-13716;8264;-472;603;61
100;29,3;-5,99;6548;-14748;6504;-477;-619;-165
100;29,31;-5,9;416;-13436;7516;-450;706;248
100;28,98;-6,69;2040;-15280;5656;-534;-780;100
100;29,09;-5,39;-3760;-14056;7872;-498;608;202
100;29,2;-7,32;6620;-14784;6164;-467;-763;-118
100;29,29;-7,0;-176;-13480;8204;-447;803;-29
100;29,13;-7,93;2824;-14716;6348;-455;-873;-206
100;29,17;-6,78;-2948;-13948;7536;-516;509;110
100;28,9;-6,32;-1124;-15528;6400;-547;-1110;15
100;28,88;-5,72;-1116;-13800;7500;-535;742;552
100;28,89;-7,12;4728;-14912;6732;-412;-690;-22
100;28,78;-6,63;-644;-14240;7120;-613;735;-65
100;28,59;-6,49;-148;-14884;6724;-454;-730;83
100;28,46;-6,18;-304;-14204;6900;-594;312;439
100;28,35;-6,81;2188;-15032;7020;-500;-595;-36
100;28,24;-6,55;-20;-14196;6896;-542;582;48
100;28,13;-6,35;-340;-14872;7196;-475;-772;-95
100;28,05;-6,27;464;-14516;7180;-431;538;420
100;27,93;-6,78;1772;-14832;6832;-492;-711;137
100;27,91;-7,15;1816;-13900;7072;-382;367;298
100;27,77;-6,54;-1376;-15104;6816;-495;-591;-30
100;27,66;-6,55;740;-14452;6844;-404;545;328
100;27,58;-4,98;-4168;-15160;6088;-464;-384;-68
100;27,57;-5,4;1924;-13904;6956;-305;677;352
100;27,49;-4,63;-2016;-14924;6856;-320;-672;14
100;27,5;-4,55;352;-14164;7432;-340;545;85
100;27,53;-2,94;-4884;-15168;6560;-307;-494;-238
100;27,51;-3,63;2636;-14236;6748;-290;909;73
100;27,42;-2,78;-2264;-15060;6584;-142;-440;70
100;27,38;-3,11;1440;-14236;6944;-296;560;361
100;27,55;-1,34;-5972;-14848;6768;-210;-457;271
100;27,58;-2,42;3892;-14540;6824;-369;909;356
100;27,63;-0,99;-4508;-14740;6720;-306;-532;93
100;27,98;-2,66;6932;-14212;7676;-383;369;245
100;28,13;-0,97;-5664;-14556;6892;-296;-306;54
100;28,09;-2,01;3548;-14556;6588;-447;870;445
100;28,12;-1,21;-2584;-14540;7548;-314;-529;21
100;28,17;-2,15;3228;-14216;7300;-384;138;226
100;28,19;-0,92;-3764;-14540;7052;-482;-132;-317
100;28,09;-2,06;3568;-14836;6216;-399;580;198
100;28,01;-0,79;-3600;-14976;6612;-503;49;168
100;28,01;-1,37;2016;-14300;7344;-417;173;47
100;27,93;-0,35;-3040;-15040;6764;-443;-261;-35
100;27,79;-1,27;2708;-14760;6144;-327;369;-76
100;27,74;-0,15;-3272;-14852;6668;-314;-140;142
100;27,88;-1,12;3480;-14096;7756;-338;167;164
100;27,92;0,52;-5132;-14976;6388;-311;-161;-34
100;27,97;-0,71;4004;-14444;6728;-173;479;-44
100;28,03;0,94;-5472;-15344;6680;-344;-209;-185
100;28,22;-0,18;4000;-13928;7712;-154;367;368
100;28,28;1,53;-5584;-14932;6228;-193;-461;253
100;28,59;-0,64;8016;-14548;6332;-185;105;326
100;28,65;0,71;-4308;-14792;7092;-201;182;382
100;28,86;-0,79;5296;-13996;7312;-143;-9;85
100;28,92;0,78;-5272;-14856;6744;-347;-368;-207
100;29,27;-1,51;8936;-14684;6488;-293;-232;177
100;29,41;0,31;-6116;-14912;7072;-316;573;-89
100;29,74;-1,76;8008;-14004;6796;-389;12;260
100;29,75;-0,69;-3088;-14000;7356;-384;532;276
100;29,8;-2,8;6800;-14936;5672;-481;-423;220
100;29,9;-1,42;-4500;-14424;7752;-481;334;-29
100;30,1;-3,19;6588;-14072;7012;-405;-152;58
100;30,14;-2,06;-3296;-13996;7564;-437;427;483
100;29,96;-3,46;3912;-15228;6004;-367;-765;-247
100;29,91;-2,64;-2156;-14568;7640;-487;467;141
100;29,91;-4,22;5084;-14772;6500;-359;-642;151
100;29,83;-3,98;-180;-14004;7288;-323;439;106
100;29,83;-5,14;3956;-14744;7180;-305;-629;115
100;29,73;-4,42;-1528;-14148;7092;-403;450;55
100;29,52;-5,16;2176;-15428;6484;-276;-858;-148
100;29,41;-4,81;-352;-14256;7056;-299;643;-208
100;29,2;-5,06;880;-15364;6716;-329;-748;-130
100;29,09;-4,65;-548;-14260;7092;-383;615;330
100;29,01;-3,21;-4076;-15132;6356;-263;-617;66
100;0,0;0,0;0;0;0;0;0;0
100;0,0;0,0;0;0;0;0;0;0
100;28,9;-2,81;-716;-13996;6828;-319;400;114
100;0,0;0,0;0;0;0;0;0;0
100;0,0;0,0;0;0;0;0;0;0
