Angle;PositionX;PositionY;Ax Raw;Ay Raw;Az Raw;Gx Raw;Gy Raw;Gz Raw;Erreur P;Erreur I;Erreur D
60;36,43;7,49;972;-20496;6368;16913;394;-469;23,44;1341,02;-4,48
60;37,05;7,9;952;-19288;5824;17285;-5069;-435;23,22;1364,24;-0,22
60;37,45;3,87;8512;-19484;4712;17403;370;-541;22,2;1409,47;-0,84
60;37,64;1,66;-968;-18776;5064;17227;857;-775;21,92;1431,38;-0,28
60;37,61;2,81;-2860;-17868;4900;16842;-565;-900;22,41;1453,79;0,49
60;37,51;3,46;-2164;-17076;4532;16214;-698;-966;22,78;1476,58;0,37
60;36,73;3,72;-3336;-16080;4520;15478;-1228;-872;22,69;1522,31;-0,36
60;36,97;2,31;-4156;-15336;5520;14630;-2150;-682;22,83;1545,14;0,14
60;37,11;2,41;2056;-15012;4628;13734;-690;-676;22,72;1567,86;-0,11
60;37,73;-3,23;8568;-13564;2248;12559;1660;-924;22,8;1590,66;0,09
60;37,86;0,38;-2964;-12160;4404;11184;-2480;-744;21,69;1634,54;-0,49
60;37,61;-3,05;1600;-12532;4548;9973;-372;-505;21,96;1656,49;0,27
60;37,06;-3,74;-492;-10648;3268;8498;-466;-428;22,49;1678,98;0,53
60;36,45;-5,0;3548;-11488;3768;6972;231;-351;23,37;1702,35;0,88
60;35,59;-3,91;-556;-10584;4820;5524;-85;-119;24,04;1750,22;0,21
60;34,91;-3,51;636;-9696;4120;3908;-1253;-6;24,69;1774,91;0,65
60;34,26;-4,6;3572;-10312;3612;2297;1398;139;25,38;1800,29;0,69
60;33,3;-4,48;-772;-9172;4456;633;916;265;26,19;1826,49;0,81
60;32,11;-4,09;-400;-9564;5000;-997;-1032;396;27,71;1881,2;0,69
60;31,05;-4,84;1420;-9300;4604;-2698;-835;554;28,62;1909,82;0,91
60;29,85;-5,98;2028;-9432;4208;-4277;1342;631;29,57;1939,39;0,95
60;28,59;-5,78;980;-10540;4896;-5737;1658;802;30,52;1969,91;0,95
60;27,54;-4,69;-1216;-10496;6152;-7095;-66;929;32,47;2034,02;0,84
60;26,5;-7,52;3420;-12872;6012;-8084;760;1053;33,17;2067,19;0,7
60;25,38;-9,39;5096;-12608;5220;-9143;3637;876;34,05;2101,24;0,88
60;24,24;-9,34;-984;-13600;7780;-9788;2386;886;34,88;2136,12;0,83
60;25,07;-5,02;-9004;-12360;11276;-9938;1824;1155;35,6;2207,22;0,1
60;24,67;-5,06;2996;-13448;10436;-9952;5408;1134;35,48;2242,7;-0,12
60;24,7;-6,49;-1356;-13728;11008;-9824;-4481;1135;35,25;2277,94;-0,23
60;24,29;-5,96;-1200;-14940;11452;-9434;1455;577;35,47;2313,41;0,22
60;24,31;-6,92;10912;-15632;11460;-8717;2973;688;35,48;2348,89;0,01
60;25,28;-8,29;6984;-13132;12896;-8042;-1659;519;35,35;2419,5;0,08
60;25,51;-10,35;6144;-15144;12020;-7208;-3188;400;34,7;2454,21;-0,64
60;25,8;-10,32;100;-14068;13468;-6082;-2391;228;34,39;2488,59;-0,32
60;26,53;-8,27;-11352;-14364;13240;-4927;-1495;-398;33,81;2522,41;-0,57
60;27,14;-8,17;-9884;-14732;12696;-3880;-584;-551;33,09;2555,5;-0,73
60;28,41;-6,71;-8552;-14816;12652;-2846;2030;-734;32,08;2619,79;-0,14
60;28,76;-7,56;6936;-15668;11316;-1973;2677;-931;31,52;2651,31;-0,56
60;29,44;-8,39;10776;-13948;11968;-1377;-592;-804;31,07;2682,38;-0,45
60;29,8;-7,9;-12;-14952;9532;-645;-3231;-757;30,23;2712,62;-0,84
60;30,62;-7,9;-8908;-14560;10004;14;-654;-873;29,72;2742,33;-0,51
60;31,56;-8,73;9292;-13388;10200;408;-1222;-685;28,86;2800,31;-0,26
60;32,34;-8,89;-8440;-14024;9028;701;-2410;-742;27,95;2828,26;-0,91
60;32,81;-10,88;8072;-14332;9416;803;-625;-691;27,48;2855,74;-0,46
60;33,15;-10,83;-6400;-15376;7592;1019;700;-563;26,94;2882,68;-0,54
60;33,34;-8,29;-5836;-13936;7924;920;-2947;-389;26,72;2936,4;-0,27
60;33,47;-8,49;7476;-13576;6820;656;-1512;12;26,65;2963,05;-0,07
60;33,26;-9,04;2696;-13384;7120;370;14;142;26,68;2989,73;0,03
60;33,12;-10,48;3008;-13128;6480;-35;-337;439;26,76;3016,49;0,09
60;32,73;-12,42;3492;-13072;6752;-506;68;625;27,2;3070,84;0,05
60;32,23;-12,64;3716;-13156;6572;-982;410;686;27,67;3098,51;0,47
60;32,0;-12,76;4708;-13140;5768;-1537;-96;854;27,85;3126,37;0,18
60;31,53;-14,88;5840;-13308;4492;-2014;1016;876;28,24;3154,61;0,39
60;30,61;-14,93;5196;-13672;5304;-2592;1201;801;29,31;3212,74;0,49
60;29,81;-13,98;1896;-13988;5872;-3155;1611;679;29,93;3242,67;0,61
60;29,38;-14,63;-916;-14644;5820;-3563;1963;758;30,21;3272,88;0,29
60;28,68;-11,99;-4716;-14600;4680;-3951;1192;822;30,89;3303,77;0,68
60;27,94;-9,3;-4956;-15224;5040;-4240;864;699;31,95;3367,21;0,45
60;27,8;-9,24;-6632;-15276;7112;-4340;1170;699;32,18;3399,39;0,24
60;27,39;-9,04;-1248;-14172;7964;-4336;-945;544;32,43;3431,82;0,25
60;27,0;-9,68;3548;-14772;7856;-4231;-1084;547;32,75;3464,57;0,32
60;26,76;-10,12;1216;-16444;7512;-3932;2217;86;33,16;3530,73;0,16
60;26,75;-10,17;-2280;-14540;9176;-3483;-1843;-53;33,3;3564,03;0,14
60;26,83;-10,14;5808;-14736;9844;-3025;1991;-175;33,32;3597,35;0,02
60;27,13;-8,32;-5376;-14876;9400;-2354;-2358;-385;32,94;3630,29;-0,37
60;27,2;-8,24;-2436;-16556;9004;-1634;3460;-698;32,72;3663,01;-0,23
60;28,11;-8,24;7404;-14588;9968;-950;-1285;-483;32,2;3727,69;-0,28
60;28,58;-8,45;-3936;-15664;10124;-277;279;-872;31,58;3759,27;-0,62
60;29,14;-9,97;7692;-15964;9852;408;2304;-761;31,13;3790,41;-0,45
60;29,49;-9,45;412;-14860;9416;1053;-2965;-615;30,7;3821,11;-0,43
60;30,14;-8,89;-1580;-14736;9068;1624;1265;-957;29,92;3881,32;-0,37
60;30,48;-9,06;3848;-14708;8876;1999;-3029;-510;29,67;3910,99;-0,25
60;30,72;-8,0;-2036;-15156;8120;2537;1676;-712;29,4;3940,39;-0,27
60;31,26;-7,34;2520;-14656;8132;2767;-3139;-433;28,97;3969,36;-0,43
60;31,66;-7,79;500;-15528;7192;3101;2049;-654;28,2;4026,26;-0,49
60;32,31;-7,67;-8236;-15380;6064;3282;-1714;-308;27,84;4054,1;-0,36
60;32,94;-9,94;6656;-14080;7460;3174;-3288;-127;27,3;4081,4;-0,54
60;33,35;-11,04;1148;-14404;7464;3125;906;-148;26,77;4108,17;-0,53
60;33,5;-10,91;-3116;-14312;5968;2926;323;-80;26,33;4160,9;-0,08
60;33,34;-11,51;-300;-14484;5228;2682;508;-76;26,43;4187,33;0,1
60;33,03;-10,7;-2380;-14512;5488;2331;1127;117;26,86;4214,19;0,43
60;32,76;-9,04;-2744;-14160;5544;1923;1320;204;27,19;4241,38;0,33
60;32,35;-7,57;-2052;-14168;5528;1413;1095;375;27,42;4296,22;-0,01
60;32,28;-7,8;-3820;-13544;6116;851;377;567;27,65;4323,87;0,23
60;31,99;-6,22;-3060;-13784;6152;260;101;679;27,9;4351,77;0,25
60;31,61;-6,42;-504;-13272;6224;-314;450;932;28,22;4379,99;0,32
60;31,42;-9,23;4908;-13264;6276;-846;43;770;28,56;4436,99;0,12
60;31,05;-9,43;6100;-13836;5196;-1346;479;854;28,89;4465,88;0,33
60;30,78;-11,31;6100;-13736;4864;-1900;1062;697;29,09;4494,98;0,2
60;30,39;-12,55;5128;-13988;5612;-2315;969;737;29,39;4524,36;0,3
60;29,77;-9,11;-2860;-14328;5644;-2690;999;600;30,07;4584,22;0,28
60;29,29;-8,92;-2620;-14528;5164;-3028;-361;698;30,43;4614,65;0,36
60;28,72;-8,8;-1364;-14548;6004;-3319;-715;662;30,96;4645,61;0,53
60;28,24;-7,91;-704;-14128;7204;-3392;-1290;738;31,47;4677,08;0,51
60;27,97;-6,85;1832;-13808;8240;-3409;-1786;400;32,09;4740,99;0,27
60;27,53;-6,37;1052;-15904;8016;-3242;1217;-26;32,35;4773,34;0,27
60;27,41;-4,34;-7352;-16332;7720;-2878;364;-129;32,57;4805,92;0,22
60;27,64;-4,72;9780;-13536;9516;-2617;-392;-17;32,58;4838,49;0,0
60;27,82;-4,87;-2620;-15340;9840;-2131;2695;-578;32,31;4903,01;0,09
60;28,06;-5,77;7928;-14084;9772;-1611;-2225;-448;32,22;4935,23;-0,08
60;28,63;-3,38;-10512;-15524;9364;-939;785;-640;31,66;4966,89;-0,57
60;29,14;-4,63;12348;-14068;10072;-473;-983;-578;31,31;4998,2;-0,35
60;29,72;-2,91;-11636;-14600;9076;213;-2109;-575;30,7;5028,9;-0,61
60;30,5;-4,44;2320;-15364;8756;654;2068;-484;29,51;5088,32;-0,4
60;30,87;-4,99;-1740;-14204;8724;1082;-4193;-429;29,21;5117,53;-0,3
60;31,17;-4,82;5720;-15236;8432;1387;654;-460;28,98;5146,5;-0,23
60;31,61;-3,05;-5756;-14988;8268;1733;-2712;-192;28,6;5175,1;-0,38
60;32,06;-4,13;8032;-14816;7744;1882;339;-260;28,27;5203,37;-0,33
60;32,75;-4,01;-7396;-15376;6528;2152;1003;-198;27,3;5258,44;-0,48
60;33,14;-4,02;-6236;-14544;6892;2118;-2580;124;26,95;5285,39;-0,34
60;33,68;-6,2;8068;-13976;7532;1996;-775;11;26,6;5311,99;-0,35
60;33,84;-8,13;2052;-14232;6148;1839;1400;-19;26,15;5338,14;-0,44
60;33,58;-8,19;-1128;-14440;6280;1574;1281;8;26,22;5390,65;-0,07
60;33,36;-8,39;-684;-14152;5992;1215;1109;24;26,47;5417,12;0,25
60;33,06;-7,04;-2044;-13824;5972;771;1193;295;26,82;5443,94;0,36
60;32,81;-6,46;-3064;-13680;6144;354;1179;329;27,12;5471,06;0,3
60;32,39;-6,51;-2432;-13516;5772;-132;1045;290;27,44;5525,8;0,15
60;31,87;-6,28;1540;-13736;5980;-671;-12;491;27,94;5553,74;0,5
60;31,45;-6,46;2252;-13552;6152;-1185;-326;643;28,36;5582,1;0,42
60;31,25;-9,02;4248;-13208;5796;-1684;-4;589;28,58;5610,67;0,21
60;30,76;-9,17;3840;-13316;6212;-2130;154;677;29,16;5668,59;0,4
60;30,34;-8,94;4720;-13796;6260;-2536;-575;628;29,55;5698,14;0,39
60;30,05;-10,32;5160;-14284;6068;-2794;-417;548;29,76;5727,91;0,22
60;29,44;-9,57;792;-13764;6828;-3069;-833;637;30,24;5758,15;0,48
60;28,94;-9,54;1244;-13896;7448;-3185;-1690;571;31,0;5819,77;0,39
60;28,65;-9,22;3744;-14108;7744;-3309;102;628;31,29;5851,06;0,29
60;28,16;-9,1;656;-15620;7252;-3162;2407;340;31,58;5882,64;0,28
60;27,79;-7,53;-2620;-15196;8096;-2957;-1330;247;32,0;5914,64;0,42
60;27,95;-8,96;7780;-14872;8608;-2734;-883;210;32,26;5979,03;0,14
60;28,14;-8,99;-5556;-15416;9136;-2146;1554;-194;31,95;6010,98;-0,31
60;28,61;-10,69;9548;-14876;8944;-1669;-991;3;31,62;6042,6;-0,33
60;28,78;-9,66;-8780;-15660;9284;-986;189;-210;31,41;6074,01;-0,21
60;29,41;-10,47;10172;-14448;9268;-534;-1395;-152;30,92;6136,0;-0,14
60;30,07;-9,55;-13940;-15520;8456;120;-491;-357;30,32;6166,32;-0,6
60;30,5;-10,68;10904;-15112;9452;600;2162;-461;29,86;6196,18;-0,46
60;30,9;-9,2;-4852;-14376;9916;1140;-3668;-133;29,37;6225,55;-0,49
60;31,35;-10,07;8036;-15904;8416;1539;1467;-342;28,94;6254,49;-0,43
60;31,93;-8,06;-9816;-14496;8432;1917;-3306;-146;28,32;6311,34;-0,22
60;32,63;-7,89;9640;-14996;8508;2159;833;-187;27,62;6338,96;-0,69
60;33,31;-5,78;-12544;-15220;8204;2417;-495;-352;27,1;6366,06;-0,53
60;33,47;-6,54;1240;-14060;7480;2421;-2919;-229;26,61;6392,67;-0,49
60;33,9;-8,81;10212;-14108;7036;2380;196;-150;26,53;6419,2;-0,08
60;34,03;-8,93;-3244;-14792;6272;2267;793;-203;25,82;6471,1;-0,26
60;33,87;-8,82;-1488;-14928;5532;2095;1019;-192;25,94;6497,05;0,12
60;33,67;-7,2;-1328;-14660;5252;1804;1525;-177;26,17;6523,21;0,22
60;33,39;-5,85;-1484;-14484;5776;1436;1499;-19;26,52;6549,74;0,36
60;33,12;-5,57;-2020;-14076;5632;1007;1180;-3;26,68;6603,01;0,08
60;32,91;-5,49;-3700;-13620;5600;501;960;66;26,97;6629,98;0,29
60;32,56;-3,96;-2972;-13424;5432;5;908;197;27,28;6657,26;0,31
60;32,16;-3,31;-2744;-13496;5788;-518;460;397;27,67;6684,92;0,39
60;31,82;-4,13;16;-14152;6308;-985;513;449;27,99;6740,77;0,14
60;31,35;-3,87;2476;-13664;6772;-1414;792;472;28,52;6769,29;0,52
60;31,02;-4,73;6088;-13892;5936;-1839;-293;525;28,88;6798,17;0,37
60;30,72;-6,59;5716;-13476;6040;-2233;-770;557;29,12;6827,3;0,24
60;30,4;-6,38;4628;-13732;7212;-2548;-409;577;29,6;6886,21;0,28
60;30,02;-6,4;4528;-13780;7372;-2691;-387;605;29,93;6916,14;0,33
60;29,48;-6,9;2628;-14196;6304;-2911;325;667;30,26;6946,4;0,33
60;29,02;-7,06;-796;-15016;7012;-2939;1253;293;30,57;6976,97;0,31
60;28,74;-6,21;-5680;-15304;7248;-2796;393;82;31,27;7039,23;0,29
60;28,48;-6,36;-1088;-15028;8088;-2668;-1608;313;31,42;7070,65;0,15
60;28,37;-7,13;5124;-15152;8188;-2369;1598;186;31,58;7102,23;0,16
60;28,51;-5,67;-6724;-14728;8996;-1984;-1328;114;31,54;7133,77;-0,04
60;28,98;-7,26;8204;-14976;9120;-1664;2023;45;31,24;7196,34;-0,09
60;29,45;-7,05;-9324;-15344;9148;-1014;-302;-229;30,78;7227,12;-0,46
60;29,86;-8,33;9176;-14576;10080;-573;1462;-263;30,43;7257,55;-0,35
60;30,2;-6,4;-9756;-15408;9028;74;-2964;-62;30,07;7287,62;-0,36
60;30,85;-6,62;4620;-16196;8548;536;3040;-333;29,16;7346,27;-0,33
60;31,34;-6,35;-7972;-14760;9036;959;-3370;-217;28,88;7375,16;-0,28
60;31,62;-7,44;6196;-15652;8628;1306;2338;-496;28,53;7403,69;-0,35
60;31,82;-6,28;-4776;-14640;8568;1643;-3820;-123;28,39;7432,09;-0,14
60;32,57;-6,99;8056;-15472;8012;1831;1915;-253;27,53;7487,52;-0,37
60;33,19;-6,82;-9320;-14788;7676;2067;827;-448;27,03;7514,55;-0,5
60;33,57;-8,54;5316;-13680;7824;2030;-2974;-174;26,6;7541,15;-0,43
60;33,86;-9,95;5668;-14520;7060;2022;1518;-108;26,3;7567,46;-0,3
60;33,72;-10,2;-2392;-14924;5908;1991;1386;-220;26,06;7619,59;-0,02
60;33,56;-9,71;-2772;-14836;5944;1779;702;-205;26,28;7645,87;0,22
60;33,4;-9,01;-3812;-14388;5220;1521;363;-163;26,48;7672,34;0,2
60;33,2;-7,49;-3372;-14444;6004;1213;-508;10;26,74;7699,09;0,26
60;32,75;-5,15;-3388;-14484;5996;852;255;26;27,1;7753,19;0,09
60;32,56;-4,86;-4444;-14004;5804;457;-361;-12;27,35;7780,54;0,25
60;32,39;-5,14;-2624;-13660;5436;34;-790;64;27,43;7807,97;0,08
60;32,06;-3,98;-928;-13644;6008;-361;-900;64;27,75;7835,72;0,32
60;31,63;-1,12;-5948;-14196;5260;-730;365;75;28,31;7892,09;0,25
60;31,45;-1,1;-3860;-13784;6060;-1073;202;339;28,43;7920,53;0,12
60;31,07;-1,69;-764;-14004;5604;-1412;-615;396;28,65;7949,18;0,22
60;30,65;-1,58;2940;-13728;5680;-1745;-879;534;29,09;7978,27;0,44
60;30,26;-1,45;2284;-13716;6676;-1923;-1068;487;29,66;8037,35;0,24
60;30,01;-1,52;4740;-13620;7264;-2072;-523;466;29,98;8067,33;0,32
60;29,57;-1,29;1012;-14920;6984;-2071;1730;251;30,23;8097,56;0,24
60;29,2;-0,72;-1968;-15376;7264;-2002;1282;411;30,58;8128,14;0,35
60;28,98;-0,28;2964;-14628;8172;-1873;-2024;488;31,04;8190,1;0,13
60;29,01;0,13;3608;-15104;8104;-1649;2466;347;30,97;8221,07;-0,07
60;29,08;1,22;-4988;-14488;8656;-1274;-2576;287;30,98;8252,05;0,01
60;29,48;-0,01;11452;-14536;9756;-960;1105;62;30,84;8282,89;-0,14
60;30,13;0,75;-10884;-14448;9184;-425;-2003;117;30,2;8343,29;-0,02
60;30,77;1,08;9196;-14848;9620;-46;3133;-15;29,49;8372,78;-0,71
60;31,08;1,94;-4880;-13728;9256;414;-3805;-247;29,11;8401,89;-0,38
60;31,61;0,22;10440;-15012;9060;728;2055;-406;28,73;8430,62;-0,38
60;32,17;0,66;-4812;-14324;8816;1061;-3246;-292;27,91;8486,65;-0,21
60;32,59;0,92;6400;-15080;8684;1292;2500;-432;27,53;8514,18;-0,38
60;32,88;2,35;-6304;-15064;7820;1521;-2634;-402;27,25;8541,43;-0,28
60;33,19;1,3;7420;-13844;8292;1554;-2111;-286;27,1;8568,53;-0,15
60;33,29;-0,08;-920;-15364;6652;1529;1481;-317;26,51;8621,85;-0,31
60;33,68;-0,24;-7228;-14360;7896;1530;-1495;-464;26,45;8648,31;-0,05
60;33,85;-2,11;3656;-13688;6496;1356;-2012;-216;26,12;8674,43;-0,33
60;33,92;-2,98;1932;-13276;7492;1144;-1135;-86;26,11;8700,54;-0,01
60;33,55;-3,94;4868;-13984;6580;904;-10;-73;26,39;8753,26;0,04
60;33,23;-3,97;156;-14108;6732;642;944;-28;26,62;8779,89;0,24
60;32,98;-3,24;1480;-13924;6864;288;937;45;26,91;8806,8;0,29
60;32,73;-2,72;-1896;-13832;6552;-73;960;-145;27,14;8833,94;0,22
60;32,25;-3,65;-168;-13948;5972;-439;1668;42;27,54;8888,79;0,22
60;31,98;-3,99;-884;-14080;6448;-808;1541;94;27,83;8916,63;0,3
60;31,61;-3,18;1304;-14680;6488;-1080;1697;197;28,17;8944,8;0,34
60;31,22;-1,61;-4504;-14052;5868;-1400;1432;214;28,6;8973,41;0,43
60;30,8;-1,19;-4348;-13892;7424;-1589;-104;446;29,21;9031,54;0,29
60;30,46;-1,22;664;-13780;7252;-1813;-1020;576;29,43;9060,97;0,21
60;30,42;-2,06;368;-13224;8008;-1920;-825;677;29,5;9090,47;0,07
60;30,27;-2,31;2808;-14276;8076;-1969;2527;847;29,6;9120,07;0,11
60;30,2;-1,4;-6000;-15032;7780;-1834;1727;404;29,85;9179,6;0,18
60;30,06;-1,4;3516;-13868;8468;-1857;-2118;749;29,97;9209,57;0,12
60;29,95;-1,8;6784;-14520;8416;-1660;704;507;30,12;9239,69;0,15
60;30,14;-0,98;-9400;-14692;9148;-1310;175;368;30,04;9269,73;-0,08
60;30,45;-1,41;8940;-14088;9556;-1085;-292;338;29,83;9329,38;0,01
60;30,59;-1,56;-3892;-15244;8732;-661;2130;195;29,43;9358,81;-0,4
60;31,11;-3,51;6112;-13728;9044;-381;-2655;219;29,06;9387,87;-0,38
60;31,56;-3,84;-4048;-14980;8704;61;2495;-360;28,5;9416,37;-0,55
60;31,94;-3,81;4480;-13876;9096;246;-3552;-65;28,17;9472,97;-0,27
60;32,07;-3,85;4576;-15144;8168;533;2854;-580;27,96;9500,93;-0,21
60;32,32;-3,27;-6600;-14768;7972;756;-2511;-381;27,8;9528,73;-0,15
60;32,66;-4,22;10216;-14380;7992;804;1315;-597;27,66;9556,39;-0,14
60;32,98;-3,65;-8452;-14260;7668;982;-135;-611;27,16;9610,69;0,02
60;32,91;-3,15;404;-13452;7512;946;-3255;-485;27,05;9637,74;-0,11
60;33,07;-3,55;8004;-13580;7456;814;-260;-297;27,13;9664,87;0,08
60;33,16;-3,67;-3908;-15104;5984;816;817;-473;26,76;9691,63;-0,37
60;33,0;-2,88;-5304;-14356;7084;778;-1591;-411;26,98;9745,49;0,11
60;32,81;-2,73;2124;-13648;6352;607;-1539;-145;27,07;9772,56;0,09
60;32,89;-3,96;2116;-13200;7868;391;-1204;37;27,13;9799,69;0,06
60;32,81;-4,72;3756;-13908;6904;166;701;-115;27,15;9826,84;0,03
60;32,58;-5,44;76;-14100;6332;-15;1272;-68;27,23;9881,31;-0,01
60;32,35;-6,06;1512;-14444;6036;-235;1635;-31;27,44;9908,76;0,21
60;32,2;-4,71;-6356;-14296;7008;-394;411;162;27,82;9936,58;0,38
60;31,94;-3,87;1220;-13928;5944;-671;-1002;444;27,83;9964,41;0,01
60;31,58;-3,09;872;-13512;7952;-844;-1328;406;28,39;10020,99;0,21
60;31,53;-2,77;4488;-13492;7076;-1057;-651;685;28,45;10049,44;0,06
60;31,21;-2,23;-964;-14136;7908;-1112;2154;485;28,7;10078,14;0,24
60;31,07;-0,76;-5432;-14800;7040;-1134;1663;578;28,85;10107,0;0,16
60;30,94;0,99;-1092;-14400;6784;-1213;-643;484;28,93;10164,94;-0,09
60;31,09;1,2;6992;-14308;7424;-1233;529;977;28,97;10193,92;0,05
60;30,82;2,07;-2224;-15468;7156;-1116;976;637;29,02;10222,93;0,04
60;30,73;2,29;420;-13672;7756;-988;-2587;706;29,18;10252,12;0,17
60;31,14;1,38;9184;-14776;7864;-875;95;437;29,04;10310,29;-0,09
60;31,37;1,08;-5088;-14180;8788;-543;973;227;28,72;10339,01;-0,32
60;31,71;-0,48;5508;-13352;9596;-459;-2226;399;28,47;10367,48;-0,25
60;31,83;-1,35;-308;-15916;7432;-118;2357;-111;28,04;10395,52;-0,43
60;32,15;-0,06;-5592;-15340;7488;84;-2123;-213;27,84;10451,43;-0,24
60;32,52;-0,31;10832;-14056;8060;63;247;-207;27,76;10479,19;-0,08
60;32,81;1,71;-6148;-14088;7672;357;1383;-579;27,29;10506,48;-0,47
60;33,11;2,12;3300;-13332;8148;311;-2718;-397;26,96;10533,44;-0,33
60;33,41;0,57;9780;-14068;7344;270;576;-305;26,77;10587,17;-0,19
60;33,36;0,3;-2984;-14556;6612;321;781;-868;26,51;10613,67;-0,26
60;33,2;-0,61;-136;-14300;6236;224;-2896;-563;26,61;10640,29;0,11
60;32,98;-1,62;3228;-13388;7652;74;-2527;-470;27,03;10667,32;0,42
60;32,93;-2,67;6588;-14120;6808;-111;110;-256;27,09;10721,54;-0,03
60;32,64;-2,67;-188;-14196;7292;-172;1782;-291;27,24;10748,78;0,15
60;32,49;-1,31;-4724;-14352;6972;-299;586;-238;27,46;10776,24;0,22
60;32,34;0,0;-2384;-14296;6876;-452;-702;-178;27,53;10803,77;0,06
60;31,98;0,38;1904;-13636;7876;-654;-1543;140;27,98;10859,61;0,13
60;31,96;0,69;4280;-13920;7440;-767;548;131;28,02;10887,63;0,04
60;31,76;1,47;-336;-14380;7896;-848;1484;151;28,14;10915,77;0,12
60;31,62;2,71;-7184;-14492;7372;-821;433;165;28,43;10944,2;0,29
60;31,49;3,19;2388;-13628;8024;-888;-1613;401;28,5;11001,23;-0,03
60;31,49;3,54;3240;-14492;7844;-947;1577;784;28,46;11029,69;-0,04
60;31,48;5,15;-3132;-15196;7312;-856;2409;541;28,4;11058,09;-0,06
60;31,49;6,12;-764;-14540;7028;-776;-1700;792;28,35;11086,44;-0,05
60;31,95;5,2;8428;-14284;8216;-782;2840;581;28,22;11142,96;-0,08
60;32,16;5,32;-7916;-14520;7884;-559;674;582;27,96;11170,92;-0,26
60;32,23;3,79;2080;-13560;7328;-616;-3333;751;27,69;11198,61;-0,27
60;32,48;2,25;7556;-13928;8556;-431;2226;548;27,67;11226,29;-0,02
60;32,83;2,57;-9672;-14444;7884;-279;426;319;27,36;11280,91;0,1
60;32,66;2,67;2036;-13540;7280;-337;-2802;441;27,27;11308,17;-0,09
60;32,73;2,0;8520;-14048;7484;-354;1807;303;27,42;11335,59;0,15
60;32,71;2,05;-4388;-14556;6992;-232;1526;-332;27,23;11362,82;-0,19
60;32,75;2,6;3996;-13196;7476;-295;-2218;-161;27,25;11417,43;-0,1
60;32,9;2,67;6788;-14048;8172;-396;-233;-104;27,2;11444,63;-0,05
60;32,69;3,49;-2672;-14548;7868;-342;2232;-531;27,25;11471,88;0,05
60;32,55;4,64;-6388;-14668;7228;-312;-1082;-645;27,48;11499,36;0,23
60;32,31;4,26;4292;-13748;8116;-435;-1581;-486;27,72;11554,71;0,1
60;32,22;3,87;3848;-13780;7348;-489;73;-341;27,75;11582,46;0,02
60;31,96;4,66;-1492;-15048;6364;-450;-412;-721;27,84;11610,3;0,09
60;31,64;4,77;632;-14184;6120;-471;-3013;-185;28,16;11638,45;0,32
60;31,9;3,84;6568;-13872;8440;-495;-1318;-4;28,23;11694,93;-0,02
60;31,71;4,17;-1948;-15428;8236;-390;2720;-151;28,22;11723,15;-0,01
60;31,59;4,48;-3736;-14972;8096;-217;-1802;12;28,39;11751,54;0,17
60;31,63;3,3;8712;-15100;7612;-228;598;125;28,51;11780,05;0,11
60;31,46;3,23;-2236;-15816;7416;-35;2281;-57;28,42;11836,88;0,01
60;31,52;2,42;8;-14208;7700;114;-3026;402;28,42;11865,3;0,0
60;31,67;1,54;4472;-14348;8968;244;2085;310;28,44;11893,74;0,02
60;32,02;2,57;-12280;-14468;8552;508;433;429;28,37;11922,1;-0,07
60;32,34;1,47;9744;-13784;8748;510;-1279;631;27,92;11978,1;-0,16
60;32,57;2,46;-8212;-14984;7776;854;2823;448;27,57;12005,67;-0,35
60;33,01;0,71;4408;-12760;9300;926;-2345;522;27,2;12032,87;-0,37
60;33,45;-1,04;6092;-14332;8252;1000;2799;376;26,71;12059,58;-0,49
60;33,84;-0,56;-10184;-13996;8008;1096;-795;411;26,38;12112,25;0,08
60;33,95;-1,02;7872;-13228;8356;995;-1303;559;26,25;12138,5;-0,12
60;33,77;-0,15;-3220;-14928;7592;893;1797;351;26,2;12164,7;-0,06
60;33,63;0,78;-2728;-14072;7392;878;851;14;26,36;12191,06;0,17
60;33,36;1,45;2012;-13448;7004;648;-1762;146;26,53;12244,13;0,0
60;33,26;0,86;4540;-13208;7612;450;-1074;-2;26,78;12270,91;0,25
60;33,13;0,31;4808;-13620;7292;241;646;-114;26,88;12297,79;0,1
60;32,86;0,52;-560;-14180;6624;103;1513;-356;26,98;12324,78;0,1
60;32,65;1,01;-5428;-14700;6684;-102;-291;-296;27,3;12379,22;0,16
60;32,49;0,85;1112;-13008;7188;-315;-1827;-257;27,43;12406,65;0,13
60;32,49;-0,27;4968;-13308;8008;-500;-879;-205;27,56;12434,21;0,13
60;32,38;-0,89;256;-14372;7624;-603;1539;-475;27,49;12461,7;-0,07
60;32,35;-0,41;-6504;-14380;7252;-634;-625;-381;27,69;12516,95;0,13
60;32,27;-0,51;3436;-13352;8640;-808;-2355;11;27,77;12544,72;0,08
60;32,35;-1,31;8688;-13884;7952;-852;166;-67;27,8;12572,52;0,02
60;32,37;-1,39;-4300;-14712;7192;-754;1581;-254;27,52;12600,05;-0,28
60;32,32;-0,74;1156;-13380;7464;-784;-2592;21;27,61;12655,33;-0,06
60;32,64;-0,81;10344;-14148;8204;-847;871;207;27,58;12682,91;-0,03
60;32,68;0,9;-3224;-15340;7588;-758;2446;-100;27,2;12710,1;-0,38
60;32,43;1,79;-2392;-14416;7232;-790;-2742;134;27,43;12737,53;0,23
60;32,88;0,94;9916;-14040;7924;-804;654;228;27,33;12792,2;-0,02
60;32,74;0,48;-640;-15132;7864;-754;2642;330;27,13;12819,33;-0,2
60;32,7;0,63;-5404;-15020;7412;-657;-1446;307;27,26;12846,59;0,12
60;32,69;-0,23;9008;-13996;7924;-730;-32;571;27,45;12874,04;0,2
60;32,81;-1,05;-3720;-15160;7272;-626;2655;284;27,09;12928,4;-0,18
60;33,05;-0,83;-8364;-14428;7820;-582;-642;513;27,07;12955,47;-0,02
60;33,29;-2,53;5700;-13500;8940;-691;-1592;625;26,8;12982,27;-0,27
60;33,29;-3,14;-1096;-14972;8176;-669;2087;58;26,59;13008,87;-0,21
60;33,46;-2,57;-8896;-14724;7252;-579;-591;273;26,64;13061,97;0,18
60;33,23;-2,54;1504;-13180;7656;-674;-2216;456;26,71;13088,68;0,07
60;33,32;-4,02;7740;-13640;7796;-730;917;231;26,79;13115,47;0,08
60;33,22;-4,76;184;-14464;6696;-676;1814;-92;26,57;13142,04;-0,23
60;32,86;-3,96;-1720;-14032;6468;-714;-1299;-146;26,97;13195,85;0,12
60;32,87;-3,44;3056;-13412;8628;-865;-2003;112;27,15;13223,0;0,18
60;32,64;-3,88;4536;-14172;8072;-890;1123;-62;27,34;13250,34;0,2
60;32,39;-3,11;-1044;-14508;7276;-790;1181;-183;27,45;13277,79;0,11
60;32,33;-0,87;-5016;-14408;7492;-838;-1417;-178;27,66;13333,14;-0,04
60;32,36;-0,92;5096;-14076;8164;-878;-998;-159;27,67;13360,81;0,01
60;32,26;0,63;-3272;-15848;7404;-747;1377;-414;27,6;13388,41;-0,07
60;32,26;1,78;-1860;-14768;7380;-718;-2602;-105;27,6;13416,01;-0,0
60;32,32;0,38;7220;-14024;8560;-710;-1317;-6;27,79;13443,8;0,2
60;32,58;-0,19;-3668;-15444;7656;-567;1967;-88;27,33;13498,67;-0,21
60;32,7;-1,46;596;-13508;7872;-453;-3088;129;27,24;13525,91;-0,09
60;32,99;-3,1;6180;-14584;8640;-293;2364;-114;27,09;13553,01;-0,15
60;33,29;-1,77;-8008;-14600;8020;-138;1493;-93;26,84;13579,85;-0,25
60;33,55;-1,41;3756;-13192;7936;-125;-2632;239;26,46;13632,91;-0,15
60;33,55;-0,86;2560;-14460;8048;-76;2594;217;26,39;13659,3;-0,07
60;33,63;1,0;-6960;-14472;7904;-9;1168;-113;26,45;13685,75;0,06
60;33,71;1,17;4200;-13300;7972;-32;-1993;212;26,33;13712,08;-0,11
60;33,96;0,41;7632;-14128;7592;-158;2167;352;26,12;13764,41;-0,08
60;33,9;0,36;-3548;-14104;6680;-124;1303;58;25,99;13790,4;-0,14
60;33,84;0,35;-5228;-15060;7004;-209;-1299;115;26,09;13816,49;0,11
60;33,74;-0,94;1664;-12984;8000;-342;-1439;165;26,23;13842,72;0,14
60;33,46;-2,05;4292;-14396;8036;-512;1411;232;26,52;13895,72;0,04
60;33,17;-2,24;-204;-14392;6504;-514;1875;-108;26,62;13922,34;0,11
60;33,07;-1,72;-6904;-14808;7100;-575;275;-57;26,94;13949,28;0,32
60;33,03;-1,18;2128;-13492;7736;-718;-1615;78;26,89;13976,18;-0,05
60;33,01;-1,49;7104;-13784;7928;-766;947;159;27,09;14030,32;0,05
60;32,81;-1,42;-1716;-14840;7804;-779;1768;166;27,07;14057,39;-0,02
60;32,84;-0,74;-8524;-14844;7588;-700;-600;105;27,25;14084,64;0,18
60;32,75;-0,69;3164;-13764;8744;-799;-1544;114;27,25;14111,89;0,0
60;32,68;-1,56;-1572;-14988;8132;-668;2180;-75;27,23;14166,5;-0,14
60;32,92;-1,55;-7556;-14284;7852;-509;1040;-211;27,18;14193,68;-0,05
60;32,99;-2,66;3168;-13648;8652;-549;-2097;142;27,03;14220,71;-0,15
60;33,11;-3,6;840;-14516;8536;-435;2181;97;26,84;14247,55;-0,2
60;33,2;-3,09;-7868;-15236;7840;-255;-1171;9;26,86;14301,11;0,17
60;33,15;-2,86;4024;-13632;8452;-214;-2334;153;26,88;14327,99;0,02
60;33,01;-2,89;2696;-14648;8500;-159;2238;71;26,97;14354,96;0,09
60;33,03;-1,59;-8152;-14872;8032;1;-1451;22;27,11;14382,06;0,14
60;33,01;-1,29;4256;-13356;8588;15;-2559;136;27,06;14436,12;0,06
60;32,97;-1,4;1920;-14744;8628;145;2261;89;27,0;14463,12;-0,06
60;33,08;0,14;-6576;-14972;7904;245;-1619;-10;26,99;14490,1;-0,01
60;33,38;-0,52;10900;-14052;8232;220;-606;232;26,92;14517,02;-0,07
60;33,48;-1,71;248;-15120;8172;374;2660;-100;26,41;14569,98;-0,15
60;33,79;-1,93;-7008;-14328;8028;484;-1941;0;26,3;14596,29;-0,1
60;34,25;-4,25;10632;-14272;8120;396;-232;176;26,0;14622,29;-0,3
60;34,38;-4,65;-3368;-15344;6596;486;1989;-108;25,5;14647,79;-0,51
60;34,4;-3,08;-7664;-14636;7792;450;-677;-183;25,66;14699,1;0,0
60;34,36;-3,04;4448;-13208;7928;279;-1865;230;25,67;14724,77;0,02
60;34,19;-3,2;4032;-13788;6992;197;1238;-61;25,76;14750,53;0,08
60;33,92;-2,91;-2132;-14192;6332;79;1318;-13;25,92;14776,45;0,16
60;33,61;-2,32;-5364;-14780;6456;-52;330;-35;26,3;14828,85;0,21
60;33,39;-2,81;1728;-13624;6864;-195;-1695;-51;26,48;14855,33;0,18
60;33,46;-4,41;6280;-13352;7524;-410;-643;290;26,61;14881,93;0,13
60;33,43;-5,51;2776;-13608;7540;-488;1267;275;26,49;14908,43;-0,11
60;33,26;-5,38;-3840;-14732;7044;-504;1458;80;26,63;14961,6;0,1
60;33,05;-5,63;-28;-13696;6968;-624;-1513;300;26,8;14988,4;0,17
60;33,17;-7,06;7516;-13568;7644;-682;366;241;26,93;15015,33;0,13
60;33,18;-7,72;212;-14552;8328;-696;1890;233;26,71;15042,04;-0,22
60;33,24;-6,78;-7668;-14872;7908;-653;-439;82;26,83;15095,57;0,15
60;33,16;-6,85;4712;-13840;8852;-754;-1800;229;26,89;15122,46;0,06
60;32,92;-6,3;952;-15120;8192;-641;2428;-2;26,96;15149,42;0,07
60;32,96;-4,67;-8796;-14448;8356;-538;713;199;27,19;15176,61;0,22
60;33,0;-4,19;5904;-13560;9088;-532;-2308;283;27,13;15230,92;-0,05
60;32,86;-3,52;-132;-15048;8080;-381;2837;215;27,04;15257,95;-0,1
60;32,98;-2,04;-9864;-14336;7936;-197;-824;122;27,22;15285,17;0,18
60;33,21;-3,15;11056;-13924;8616;-182;-736;216;27,08;15312,25;-0,14
60;33,36;-3,16;-5036;-14576;7660;55;1984;-65;26,62;15365,6;-0,12
60;33,4;-3,79;2380;-12940;8900;153;-2861;77;26,66;15392,26;0,05
60;33,46;-4,62;7876;-14092;8328;196;1977;-127;26,7;15418,96;0,04
60;33,56;-3,18;-9600;-14436;8220;396;-746;-173;26,68;15445,63;-0,02
60;33,7;-3,49;9460;-13888;8444;312;-728;68;26,5;15498,65;-0,01
60;33,7;-2,85;-4564;-15248;7436;528;1961;-398;26,24;15524,89;-0,26
60;33,8;-2,87;-3464;-14192;8424;494;-2827;-151;26,22;15551,1;-0,02
60;34,21;-4,76;11268;-14172;7724;492;456;3;26,07;15577,18;-0,14
60;34,49;-4,54;-8576;-14292;7332;623;811;-214;25,6;15628,36;0,01
60;34,43;-4,1;-2088;-13484;8108;539;-2779;-140;25,54;15653,91;-0,06
60;34,55;-4,47;9840;-13584;7720;419;146;-116;25,67;15679,58;0,13
60;34,38;-3,83;-3720;-14964;6936;370;1399;-205;25,52;15705,1;-0,15
60;34,23;-3,0;-3492;-13912;7740;269;-1868;52;25,71;15756,46;0,07
60;34,11;-3,04;4292;-12992;7556;139;-1795;96;25,89;15782,35;0,18
60;34,16;-3,47;7860;-13344;7340;-33;900;145;25,96;15808,31;0,07
60;34,07;-3,85;-1684;-14048;6860;-111;1463;105;25,78;15834,09;-0,18
60;33,76;-2,82;-3920;-14196;7204;-281;-1193;240;26,16;15886,26;0,15
60;33,55;-2,82;2416;-13016;7720;-394;-1601;257;26,41;15912,67;0,25
60;33,64;-4,04;7600;-13184;7752;-542;1094;425;26,48;15939,15;0,07
60;33,54;-4,19;-2232;-14036;7176;-557;2017;11;26,31;15965,46;-0,17
60;33,32;-2,99;-1324;-13620;7336;-660;-1547;360;26,57;16018,55;0,04
60;33,27;-2,73;4548;-13572;8868;-779;-965;424;26,78;16045,33;0,21
60;33,07;-2,07;-180;-14620;8568;-689;2546;114;26,84;16072,17;0,06
60;33,06;-0,54;-8712;-14924;7892;-666;-1057;246;27,02;16099,19;0,18
60;33,06;-0,74;5700;-13368;8496;-692;-2316;393;27,04;16153,15;0,11
60;32,9;-1,14;1080;-14976;8500;-618;2795;328;27,02;16180,17;-0,02
60;32,94;-0,08;-6192;-13848;8492;-518;-2582;357;27,14;16207,31;0,12
60;33,1;-0,91;9076;-14048;8880;-431;1806;294;27,09;16234,4;-0,05
60;33,38;-0,88;-6696;-14120;8300;-201;1578;70;26,71;16287,7;0,12
60;33,5;-1,74;7340;-13284;9272;-131;-2719;259;26,69;16314,39;-0,02
60;33,35;-0,84;-1164;-14716;8276;3;2827;-81;26,57;16340,96;-0,12
60;33,57;-0,31;1520;-12936;9208;30;-3520;56;26,51;16367,47;-0,06
60;34,34;-1,4;8776;-13788;8348;160;2092;-272;25,83;16419,49;-0,37
60;34,86;-1,4;-10532;-14640;8104;315;-1277;-252;25,34;16444,83;-0,49
60;35,22;-3,28;10896;-13420;8632;245;-470;-148;25,06;16469,89;-0,27
60;35,14;-3,64;720;-14568;8096;231;2510;-385;24,77;16494,66;-0,29
60;35,31;-1,97;-7344;-14188;8080;211;-2196;-437;24,74;16544,29;-0,14
60;35,48;-1,79;6848;-12816;8428;-18;-2176;20;24,64;16568,93;-0,1
60;35,26;-1,0;28;-14204;7736;-149;1543;-158;24,61;16593,54;-0,04
60;35,05;0,23;-2788;-14144;7484;-277;1260;-313;24,83;16618,37;0,23
60;34,72;1,67;-5728;-13908;7024;-464;-455;-177;25,24;16668,69;0,17
60;34,46;1,51;1980;-13196;7240;-732;-1552;34;25,42;16694,1;0,18
60;34,36;0,02;4888;-12896;7856;-997;-537;190;25,64;16719,74;0,22
60;34,21;-1,27;3868;-13788;7264;-1173;531;82;25,65;16745,39;0,01
60;33,82;-1,98;-184;-14332;6692;-1308;1551;50;25,98;16797,2;0,14
60;33,72;-2,02;-4996;-13944;7372;-1392;-309;90;26,22;16823,42;0,24
60;33,52;-3,02;1592;-13688;7092;-1578;-1417;299;26,29;16849,7;0,07
60;33,49;-4,31;7348;-13560;7928;-1677;374;384;26,53;16876,23;0,24
60;33,23;-4,83;-2156;-14956;7060;-1697;2499;278;26,6;16929,36;0,08
60;33,06;-5,21;-1200;-14172;7396;-1670;-1093;435;26,78;16956,13;0,17
60;33,0;-5,79;7056;-13872;8832;-1731;-323;724;27,08;16983,21;0,3
60;32,73;-4,73;-2832;-15308;8224;-1526;2643;366;27,11;17010,32;0,03
60;32,76;-3,99;-832;-14360;7864;-1423;-3118;589;27,14;17064,67;-0,07
60;32,77;-4,15;5836;-14420;9108;-1207;2204;457;27,31;17091,98;0,17
60;32,95;-3,16;-9504;-14464;9372;-882;383;451;27,25;17119,22;-0,06
60;33,21;-4,02;10828;-14392;8780;-737;-619;295;27,02;17146,24;-0,23
60;33,56;-3,68;-10044;-14604;8968;-263;75;50;26,64;17199,48;0,05
60;33,87;-3,76;8396;-13544;9664;-119;-2215;-88;26,36;17225,84;-0,28
60;34,22;-1,58;-6224;-14556;8624;235;1976;-88;25,87;17251,71;-0,49
60;34,73;-1,54;8948;-13648;9300;362;-2418;-281;25,54;17277,26;-0,32
60;34,91;-1,56;-4484;-15116;7540;589;2445;-465;24,99;17327,51;-0,27
60;34,9;-1,17;-5416;-14236;8096;674;-2729;-373;25,13;17352,64;0,14
60;35,04;-2,48;7304;-13900;7980;665;1697;-356;25,09;17377,73;-0,04
60;35,14;-1,52;-8892;-14508;7768;783;-686;-459;25,06;17402,79;-0,03
60;35,13;-1,16;5932;-12792;8684;681;-2660;-267;24,97;17452,8;-0,07
60;35,33;-1,47;7304;-13504;7684;614;300;-249;24,77;17477,57;-0,21
60;35,28;0,19;-4012;-14480;6776;579;1222;-677;24,62;17502,19;-0,14
60;35,08;0,93;-756;-13792;6736;449;-2122;-286;24,79;17526,98;0,17
60;34,93;0,81;2660;-13216;8132;257;-1484;-78;25,03;17576,94;0,11
60;34,86;0,18;6436;-13504;7232;180;918;-182;25,18;17602,12;0,15
60;34,52;0,96;-712;-14304;6812;-8;1183;-51;25,3;17627,41;0,12
60;34,34;2,09;-6028;-14012;7264;-113;-925;6;25,67;17653,08;0,37
60;34,09;2,47;2708;-13440;7172;-308;-1600;133;25,81;17704,68;0,03
60;34,03;2,13;6432;-13084;7504;-446;-45;212;26,04;17730,71;0,22
60;33,7;2,95;-1572;-14736;7536;-504;1409;58;26,14;17756,86;0,11
60;33,53;3,86;-5628;-14404;7676;-565;-1555;467;26,44;17783,3;0,3
60;33,37;3,5;4616;-13020;8684;-618;-1768;654;26,71;17836,54;0,17
60;33,36;4,07;2232;-14608;8768;-593;3441;524;26,59;17863,13;-0,12
60;33,48;5,72;-7924;-14384;8104;-469;-982;514;26,61;17889,74;0,02
60;33,64;4,96;8656;-13076;9588;-481;-1071;696;26,6;17916,34;-0,02
60;33,95;3,36;-2024;-14852;8024;-327;2805;547;25,94;17968,44;-0,23
60;34,05;2,53;952;-12816;9096;-272;-3210;731;25,99;17994,43;0,05
60;33,91;2,06;3112;-14624;8392;-170;2943;355;26,04;18020,48;0,05
60;33,99;3,09;-9968;-14264;8380;2;-487;258;26,23;18046,7;0,18
60;34,32;2,72;12284;-13948;8144;-8;-561;137;25,96;18098,69;-0,07
60;34,55;3,0;-6600;-13848;7968;159;1321;-223;25,51;18124,2;-0,44
60;34,86;1,85;-1844;-12820;9020;164;-3250;-44;25,19;18149,39;-0,32
60;35,12;0,23;3980;-14564;8424;149;2608;-235;24,87;18174,26;-0,33
60;35,36;0,55;-9256;-14176;8280;171;-1308;-431;24,78;18223,67;0,15
60;35,4;-0,05;9636;-13584;8580;38;-934;-330;24,8;18248,47;0,02
60;35,18;0,14;3244;-14800;7772;-31;2131;-444;24,72;18273,18;-0,08
60;35,1;1,48;-7668;-13980;7760;-9;-604;-749;25,0;18298,18;0,28
60;34,96;1,8;4588;-13120;8364;-240;-2563;-198;25,06;18348,33;-0,02
60;35,13;2,03;5888;-13516;8392;-293;839;-233;24,92;18373,25;-0,14
60;35,09;3,65;-3032;-14532;7396;-375;1728;-474;24,77;18398,02;-0,16
60;35,1;5,38;-5732;-13816;7260;-497;-1515;-235;24,87;18422,88;0,1
60;34,76;5,47;1544;-13196;8508;-651;-1278;-44;25,2;18473,11;0,17
60;34,58;5,97;848;-14272;8092;-778;1966;-211;25,3;18498,41;0,1
60;34,38;6,85;-592;-14396;7016;-859;1624;-41;25,4;18523,81;0,1
60;34,08;7,52;-4320;-13576;7024;-968;-1549;206;25,8;18549,61;0,4
60;33,85;6,52;4600;-13716;8188;-1069;-1127;223;26,15;18601,78;0,14
60;33,61;6,05;2064;-13988;8452;-1081;2242;98;26,32;18628,1;0,17
60;33,58;7,01;-8472;-14128;8492;-999;-182;284;26,54;18654,64;0,22
60;33,73;6,75;6740;-13304;9328;-1020;-1243;567;26,37;18681,01;-0,16
60;33,74;5,45;-2436;-15252;8116;-852;2957;435;26,14;18733,45;-0,15
60;33,87;5,5;-6656;-14012;8092;-750;-1682;648;26,18;18759,63;0,04
60;34,03;4,09;9956;-13884;8676;-647;2749;578;26,18;18785,8;-0,01
60;34,24;4,64;-11352;-14428;8448;-379;-550;625;25,99;18811,79;-0,19
60;34,58;3,82;10948;-13532;8900;-356;-222;684;25,68;18863,15;0,0
60;34,6;3,12;-1800;-14580;8272;-136;2236;352;25,31;18888,46;-0,37
60;34,7;2,23;-284;-13132;9180;-53;-3011;519;25,33;18913,79;0,02
60;34,81;1,11;2572;-14968;8280;57;3113;235;25,11;18938,91;-0,22
60;35,04;1,57;-4616;-14024;8596;170;-2737;50;24,96;18988,87;-0,04
60;35,49;1,34;11476;-12992;8416;107;-961;71;24,81;19013,68;-0,15
60;35,26;2,7;-2888;-14992;7168;214;2169;-377;24,59;19038,27;-0,22
60;35,23;3,43;-340;-13556;8284;129;-2729;-307;24,73;19063,0;0,13
60;35,55;2,56;7592;-13504;8624;32;-989;-304;24,56;19112,21;-0,09
60;35,53;1,95;-1644;-14540;7804;64;2054;-781;24,33;19136,54;-0,23
60;35,34;2,44;-5444;-14184;7512;-28;-1994;-335;24,63;19161,17;0,3
60;35,25;1,88;4468;-13052;8180;-194;-1789;-239;24,78;19185,95;0,15
60;35,27;-0,61;6304;-13496;8108;-273;466;-394;24,77;19235,6;-0,1
60;35,17;-0,65;-4132;-14364;6904;-338;939;-540;24,7;19260,3;-0,08
60;34,95;-1,44;-348;-13552;7140;-451;-2210;-237;24,89;19285,18;0,19
60;34,8;-2,52;5408;-13572;8120;-598;-548;39;25,2;19310,38;0,31
60;34,78;-4,13;2368;-14068;8200;-621;1680;-166;25,14;19360,77;-0,1
60;34,66;-3,81;-4560;-14540;7580;-631;1075;-197;25,26;19386,03;0,12
60;34,57;-4,87;3760;-13208;7716;-745;-1872;326;25,38;19411,41;0,12
60;34,64;-6,25;8792;-13884;7900;-826;1279;84;25,45;19436,86;0,08
60;34,36;-6,03;-2720;-15156;7624;-791;2012;112;25,49;19487,71;0,14
60;34,31;-6,51;-1992;-13844;7824;-817;-2176;451;25,59;19513,3;0,09
60;34,43;-8,18;8776;-14312;7968;-887;504;521;25,67;19538,96;0,08
60;34,42;-8,31;-2032;-15008;8300;-731;3185;329;25,44;19564,4;-0,22
60;34,36;-6,23;-2648;-14224;7832;-681;-1874;580;25,54;19615,65;-0,17
60;34,58;-6,08;9156;-14140;8568;-674;2660;566;25,58;19641,23;0,04
60;34,74;-4,03;-11124;-14384;7924;-495;683;604;25,46;19666,68;-0,12
60;34,64;-4,32;3024;-13244;8792;-517;-3074;751;25,37;19692,05;-0,09
60;34,83;-5,65;1304;-14304;9028;-420;2286;413;25,12;19742,57;-0,29
60;35,18;-5,68;-8144;-14720;8260;-273;-1924;409;24,9;19767,47;-0,22
60;35,33;-7,06;10980;-14096;8284;-325;450;437;24,88;19792,35;-0,02
60;35,05;-6,67;-1044;-14920;7704;-232;2687;13;24,79;19817,14;-0,08
60;35,03;-5,04;-1396;-13768;8480;-251;-2865;114;24,9;19867,11;-0,16
60;35,15;-4,97;8132;-14436;8676;-246;1795;-228;24,96;19892,06;0,05
60;35,24;-3,08;-8860;-14372;7836;-123;627;-345;24,87;19916,93;-0,09
60;35,03;-2,39;-652;-13736;7324;-202;-2707;-321;24,83;19941,76;-0,04
60;35,01;-3,67;7608;-14212;8132;-245;1430;-459;25,08;19966,84;0,24
60;35,28;-3,35;-7572;-14544;8216;-180;244;-548;24,77;20016,5;-0,11
60;35,22;-4,25;604;-14020;7888;-191;-2941;-356;24,66;20041,15;-0,12
60;35,27;-5,62;6652;-13756;7960;-237;120;-481;24,78;20065,94;0,12
60;35,36;-4,41;-6932;-14404;7516;-180;-225;-528;24,66;20090,6;-0,12
60;35,39;-3,91;4304;-13088;8060;-265;-2874;-233;24,6;20139,96;-0,15
60;35,47;-4,43;9516;-13744;8324;-304;480;-248;24,69;20164,65;0,09
60;35,29;-3,3;-5012;-14376;7400;-209;1860;-403;24,65;20189,3;-0,05
60;35,03;-3,3;972;-13580;7520;-274;-2328;127;24,84;20214,14;0,2
60;35,02;-4,37;7708;-13580;7780;-382;469;227;25,08;20239,22;0,23
60;35,03;-4,77;-2592;-14824;7616;-362;1850;172;24,82;20289,02;-0,15
60;35,05;-4,77;-4908;-14564;8000;-334;-1767;322;24,9;20313,92;0,08
60;35,18;-6,34;7308;-13916;7944;-410;-383;452;24,88;20338,8;-0,03
60;35,1;-5,89;-3704;-14752;7372;-332;1612;378;24,77;20363,57;-0,11
60;35,14;-3,81;-6696;-14636;8012;-279;-1401;411;24,87;20413,34;-0,04
60;35,36;-3,46;7672;-13608;8936;-323;-962;562;24,77;20438,11;-0,1
60;35,3;-1,8;-1860;-14936;7816;-274;2952;459;24,54;20462,65;-0,22
60;35,49;0,5;-9236;-14344;7780;-214;259;269;24,64;20487,29;0,09
60;35,52;1,47;4972;-12900;8936;-355;-1191;478;24,55;20536,34;0,04
60;35,39;2,1;1876;-14504;8592;-347;2790;451;24,52;20560,86;-0,03
60;35,42;3,94;-7852;-14540;7876;-317;-550;421;24,63;20585,49;0,11
60;35,27;4,18;1888;-13308;7452;-386;-2312;560;24,61;20610,1;-0,02
60;35,37;3,06;8048;-13788;8068;-428;1200;149;24,73;20659,56;-0,01
60;35,27;2,98;-3876;-14004;8008;-361;1497;133;24,67;20684,23;-0,06
60;35,21;2,1;1236;-13264;8440;-447;-2220;206;24,73;20708,96;0,06
60;35,19;0,69;6564;-13488;7920;-509;-362;192;24,85;20733,81;0,12
60;35,02;-0,22;-1532;-14624;7332;-470;2042;-306;24,8;20783,48;-0,06
60;34,81;0,11;-2716;-14032;7564;-471;-2172;-173;25,07;20808,55;0,27
60;34,77;-0,69;5728;-13780;9300;-456;-1215;-70;25,3;20833,86;0,23
60;34,57;-0,14;-1940;-15100;8040;-351;2337;-366;25,3;20859,15;-0,01
60;34,36;1,43;-3704;-14140;7752;-272;-2712;-114;25,57;20884,73;0,28
60;34,64;-0,39;7088;-14268;8924;-245;619;-197;25,45;20935,73;-0,1
60;34,94;-0,62;-7492;-14692;8704;-49;1056;-278;25,14;20960,87;-0,32
60;35,3;-2,55;4892;-12928;9008;33;-3181;-143;24,79;20985,66;-0,34
60;35,49;-3,55;1204;-14448;8280;178;3022;-156;24,44;21010,09;-0,35
60;35,8;-2,57;-3672;-13988;8860;285;-3273;12;24,18;21058,67;-0,22
60;36,25;-2,42;10584;-13876;8876;271;-348;-62;23,97;21082,64;-0,21
60;36,39;-0,15;-6912;-14788;7784;414;2067;-266;23,63;21106,27;-0,34
60;36,44;0,39;2052;-13056;7844;295;-3119;124;23,51;21129,78;-0,12
60;36,83;-0,55;9408;-13536;7628;272;1533;-74;23,29;21176,5;-0,14
60;36,7;-0,82;-2700;-14592;7336;142;2133;136;23,12;21199,63;-0,17
60;36,59;0,35;-7228;-14544;7508;128;-941;85;23,43;21223,05;0,3
60;36,47;0,49;3704;-12992;7816;-112;-1485;187;23,49;21246,55;0,07
60;36,31;-0,15;5192;-12360;8396;-321;-1037;367;23,74;21293,98;0,06
60;36,0;-0,81;2196;-13716;8172;-471;1391;214;23,9;21317,87;0,15
60;35,6;0,17;-636;-14176;6800;-638;1859;-33;24,16;21342,03;0,26
60;35,18;1,12;-4468;-14344;6720;-801;-195;25;24,64;21366,68;0,48
60;34,7;1,49;1968;-13476;7364;-957;-1054;199;25,18;21416,86;0,17
60;34,56;1,36;5716;-13064;8404;-1083;193;174;25,49;21442,35;0,31
60;34,18;2,1;-1328;-14768;7660;-1124;1788;143;25,62;21467,97;0,14
60;33,89;2,9;-2936;-14364;7904;-1083;-1712;216;25,96;21493,93;0,34
60;34,16;2,2;7964;-14020;9140;-1066;-536;354;25,98;21545,91;-0,02
60;34,09;2,48;-4992;-14720;8456;-807;1692;71;25,88;21571,79;-0,1
60;34,35;0,68;5980;-13356;9628;-688;-2564;237;25,76;21597,56;-0,12
60;34,7;-0,93;5716;-14680;9240;-426;3173;74;25,33;21622,89;-0,43
60;35,19;-0,4;-4704;-13360;8888;-184;-3099;179;24,85;21672,77;-0,18
60;35,39;-0,71;7664;-14660;8688;32;2862;-147;24,69;21697,46;-0,16
60;35,53;-0,36;-5772;-13612;9444;266;-2750;56;24,59;21722,05;-0,1
60;36,01;-2,36;10348;-13444;9124;367;411;-177;24,27;21746,32;-0,32
60;36,32;-2,17;-9060;-14152;8164;586;-281;-304;23,78;21793,79;0,1
60;36,49;-2,48;10188;-13512;8400;522;-1510;1;23,72;21817,51;-0,07
60;36,36;-0,95;-2880;-15032;7692;626;1828;-349;23,52;21841,03;-0,19
60;36,46;0,79;-7304;-14576;7872;669;-2322;-280;23,62;21864,65;0,1
60;36,57;0,03;10344;-13400;7620;484;-893;-149;23,6;21911,83;0,03
60;36,37;0,33;-2868;-14588;6784;510;1638;-506;23,44;21935,27;-0,16
60;36,43;1,33;-9036;-13940;7788;487;-274;-312;23,71;21958,98;0,26
60;36,38;1,03;3760;-12812;8600;313;-1927;-287;23,68;21982,66;-0,03
60;36,34;0,21;6464;-13240;7824;146;897;-60;23,69;22030,06;-0,03
60;36,11;0,0;-1440;-13884;7072;38;1282;-197;23,71;22053,77;0,02
60;36,01;0,42;-6288;-13824;7396;-37;59;-165;23,98;22077,75;0,28
60;35,77;0,33;1980;-13060;7640;-283;-1765;152;24,12;22101,87;0,14
60;35,71;-0,41;6524;-13248;7876;-503;374;386;24,34;22150,48;0,06
60;35,41;-0,55;-1492;-14280;7276;-561;1518;177;24,4;22174,88;0,06
60;35,28;0,06;-6400;-14108;7664;-593;-179;82;24,7;22199,58;0,31
60;35,1;-0,7;4148;-13088;8592;-783;-1571;626;24,88;22224,47;0,18
60;35,03;-1,75;2620;-14340;8768;-820;2754;416;24,91;22274,39;-0,11
60;35,26;-1,5;-10104;-14332;8084;-719;-414;413;24,88;22299,27;-0,03
60;35,46;-3,05;4828;-12824;8820;-770;-1863;633;24,58;22323,85;-0,3
60;35,55;-4,01;2108;-14124;9072;-704;3356;308;24,38;22348,23;-0,2
60;35,69;-2,87;-6780;-14584;8152;-634;-1514;478;24,32;22396,81;0,05
60;35,84;-2,52;7336;-13444;8764;-678;-1391;594;24,25;22421,07;-0,07
60;35,75;-0,96;-1504;-14792;7724;-600;2440;265;24,06;22445,13;-0,19
60;35,59;0,04;-3204;-13564;8164;-568;-2681;453;24,33;22469,46;0,27
60;35,96;-0,58;8312;-13652;8856;-535;1156;207;24,17;22517,87;-0,06
60;35,88;-1,09;-1824;-14388;7392;-437;2451;159;23,93;22541,8;-0,24
60;35,89;-1,97;-1072;-13052;8112;-471;-2995;212;24,01;22565,82;0,08
60;36,01;-3,25;8056;-13992;8852;-452;1553;89;24,09;22589,91;0,08
60;36,16;-3,14;-9484;-14436;8644;-344;589;-144;23,96;22637,72;0,11
60;35,96;-2,94;-1780;-13380;8148;-373;-2625;-197;23,95;22661,67;-0,02
60;35,86;-3,67;7228;-13792;7832;-428;1434;-304;24,18;22685,85;0,23
60;35,73;-2,46;-7800;-14536;8008;-316;859;-499;24,31;22710,16;0,13
60;35,59;-1,11;-2232;-13396;8600;-309;-2651;-188;24,36;22758,96;-0,08
60;35,55;-2,14;6816;-13924;8828;-322;814;-318;24,52;22783,48;0,16
60;35,69;-0,42;-8552;-14068;8536;-232;-56;-390;24,43;22807,91;-0,09
60;35,72;-0,87;6608;-13444;8824;-285;-2962;-132;24,36;22832,28;-0,07
60;35,91;-3,1;7980;-13836;9128;-233;1694;-123;24,23;22856,5;-0,14
60;36,07;-1,34;-10912;-14196;8556;-120;-765;-272;24,12;22904,6;0,15
60;36,47;-1,17;9960;-13224;8828;-180;-1470;-37;23,74;22928,34;-0,38
60;36,53;0,7;-2884;-14976;7736;-102;2514;-131;23,31;22951,64;-0,43
60;36,84;2,92;-9412;-14724;7688;-57;-1844;-3;23,25;22974,89;-0,06
60;37,03;2,85;9052;-13352;8496;-178;-1018;122;23,1;23020,98;0,12
60;36,71;3,11;-1656;-14472;7620;-224;2790;295;23,11;23044,09;0,01
60;36,5;4,23;-7828;-14216;6776;-229;-1423;73;23,51;23067,59;0,39
60;36,23;4,06;2932;-13004;7672;-450;-1850;454;23,68;23091,27;0,18
60;36,25;3,19;8560;-13320;8128;-570;1179;529;23,87;23138,96;0,05
60;36,05;3,34;-3036;-14096;7932;-524;2216;60;23,83;23162,79;-0,03
60;35,89;4,02;-6720;-14700;7128;-623;-386;411;24,04;23186,84;0,21
60;35,71;3,09;4472;-13052;8332;-736;-955;319;24,26;23211,1;0,22
60;35,57;1,8;992;-14428;8568;-782;2171;346;24,32;23259,84;-0,1
60;35,67;1,71;-7728;-14976;8232;-735;-857;303;24,35;23284,2;0,03
60;35,65;0,55;820;-13356;8664;-746;-2337;432;24,27;23308,47;-0,08
60;35,71;-0,81;4696;-14204;8812;-707;2262;134;24,25;23332,71;-0,03
60;35,74;-0,29;-7636;-14644;8044;-584;-757;156;24,29;23381,13;0,17
60;35,79;-0,84;9320;-13628;9040;-631;-947;160;24,38;23405,52;0,09
60;35,66;-0,63;4644;-14812;8344;-469;2629;-68;24,27;23429,78;-0,12
60;35,67;0,94;-5596;-14588;8284;-300;-1851;11;24,31;23454,09;0,04
60;35,98;0,47;9268;-13688;9280;-301;544;59;24,2;23502,47;0,01
60;36,17;0,69;-9388;-14304;8860;-89;1153;-293;23,97;23526,44;-0,23
60;36,32;-0,25;-1580;-13272;9312;-57;-3217;-120;23,68;23550,12;-0,29
60;36,55;-1,85;5060;-14604;8796;-4;2072;-101;23,44;23573,56;-0,24
60;36,59;-1,53;-7708;-14652;7404;114;-1476;-242;23,4;23620,23;0,13
60;36,56;-1,66;4400;-13028;8544;100;-2831;-40;23,45;23643,69;0,05
60;36,35;-1,18;2216;-14840;7904;86;1701;-198;23,51;23667,19;0,05
60;36,23;-0,4;-7068;-14448;7744;112;-1675;-173;23,8;23690,99;0,29
60;36,29;-0,35;8196;-13096;8232;38;-1374;-73;23,83;23738,57;0,09
60;36,15;-0,88;4932;-14840;8068;-11;2123;-285;23,78;23762,36;-0,05
60;36,25;1,18;-9500;-15156;7688;56;-638;-261;23,83;23786,19;0,05
60;36,34;0,91;7308;-13200;8404;-78;-1664;152;23,77;23809,96;-0,06
60;36,32;-0,04;-556;-14808;7936;-31;2773;31;23,5;23857,18;-0,22
60;36,6;0,06;-9124;-14528;7628;58;-524;-14;23,48;23880,66;-0,03
60;36,91;-1,94;6544;-12992;8912;-89;-1987;136;23,19;23903,84;-0,29
60;36,94;-2,87;860;-14448;7680;-66;2574;-48;22,89;23926,73;-0,29
60;36,96;-1,87;-8376;-14232;7588;-53;981;-27;23,08;23972,76;0,12
60;36,71;-1,89;1412;-12772;8044;-242;-2101;467;23,2;23995,96;0,13
60;36,63;-2,95;6204;-13568;8328;-364;1413;265;23,39;24019,35;0,19
60;36,51;-2,72;-3872;-13776;7836;-338;2329;-57;23,4;24042,75;0,01
60;36,27;-1,36;-4072;-13716;7300;-439;-547;91;23,61;24089,99;-0,01
60;36,17;-1,85;6828;-13116;8448;-665;-1418;295;23,9;24113,89;0,28
60;35,89;-1,71;1644;-14208;8424;-638;2175;202;23,99;24137,87;0,09
60;35,65;-0,69;-6152;-14640;7724;-632;-355;269;24,29;24162,16;0,3
60;35,46;0,01;2076;-13176;8792;-714;-2323;350;24,51;24211,07;0,12
60;35,42;0,44;3724;-14540;8748;-659;2092;212;24,52;24235,58;0,01
60;35,54;2,13;-7848;-14236;8288;-526;-1523;192;24,52;24260,1;0,0
60;35,71;1,54;9820;-13692;9224;-500;196;305;24,47;24284,58;-0,05
60;35,57;1,65;-1868;-14256;8584;-237;2715;47;24,34;24333,23;0,03
60;35,6;0,72;2264;-12848;9432;-216;-3116;323;24,43;24357,66;0,09
60;35,42;0,58;1628;-14372;8352;-22;2965;-51;24,48;24382,14;0,05
60;35,55;1,96;-7348;-13684;8980;136;-2340;-4;24,59;24406,73;0,11
60;36,09;0,81;9368;-14068;9168;276;2309;-114;24,07;24455,07;-0,2
60;36,63;0,63;-9116;-13664;8664;470;-2401;-65;23,53;24478,6;-0,54
60;37,05;-1,45;11012;-13636;8856;549;1482;-87;23,21;24501,81;-0,33
60;37,18;-0,59;-10392;-14304;8652;689;310;-247;23,05;24524,85;-0,16
60;37,68;-0,17;9828;-12612;8744;625;-2557;-135;22,52;24570,07;-0,17
60;37,51;0,1;-2012;-14808;7416;664;2672;-280;22,3;24592,36;-0,22
60;37,5;-0,08;-1284;-12928;8632;643;-3155;-96;22,47;24614,84;0,18
60;37,73;-1,81;10528;-12740;8076;474;-668;-128;22,53;24637,37;0,06
60;37,66;-2,95;-1968;-14240;7172;335;1975;-244;22,12;24681,78;-0,18
60;37,81;-3,05;-6940;-14112;7100;220;-943;-128;22,15;24703,93;0,03
60;37,78;-4,23;1508;-12832;7688;26;-1982;-24;22,1;24726,03;-0,04
60;37,75;-5,42;6828;-12548;8064;-238;-683;-11;22,32;24748,35;0,22
60;37,45;-6,25;540;-13764;7652;-484;1409;-140;22,36;24793,11;-0,03
60;37,13;-5,98;-2400;-13680;7260;-704;1446;-146;22,68;24815,79;0,32
60;36,84;-5,2;-5432;-13736;7156;-953;381;63;23,05;24838,83;0,37
60;36,39;-4,72;256;-13160;7508;-1222;-1223;308;23,38;24862,21;0,33
60;36,11;-4,54;5804;-12736;8140;-1450;-823;256;23,92;24909,84;0,22
60;35,72;-4,14;1364;-13688;7884;-1610;1739;322;24,12;24933,96;0,19
60;35,37;-2,68;-4500;-14240;7932;-1630;2054;269;24,49;24958,44;0,37
60;35,14;-1,87;504;-13644;8424;-1724;-1667;465;24,66;24983,11;0,18
60;35,13;-2,26;6476;-14336;8904;-1726;2540;539;24,91;25032,84;0,1
60;35,32;-2,04;-9764;-14296;8616;-1490;565;370;24,8;25057,64;-0,11
60;35,52;-3,76;6108;-12848;9008;-1499;-1886;593;24,52;25082,16;-0,28
60;35,5;-3,66;-3696;-14220;8900;-1245;2060;444;24,4;25106,56;-0,12
60;35,5;-3,42;3936;-13700;8996;-1058;-3143;485;24,55;25131,11;0,15
60;35,71;-4,95;6176;-14600;9076;-773;2984;44;24,32;25179,92;-0,18
60;35,71;-4,96;-2252;-13148;9976;-511;-3286;348;24,34;25204,26;0,02
60;35,6;-4,75;780;-14676;9528;-124;3181;-6;24,35;25228,61;0,01
60;35,68;-4,13;1608;-13392;9132;85;-3465;56;24,33;25252,94;-0,02
60;36,01;-4,93;3676;-14612;8872;368;3035;-91;23,93;25301,12;-0,3
60;36,28;-5,59;-1300;-13024;9864;583;-3381;-183;23,77;25324,89;-0,16
60;36,43;-3,83;-3444;-14448;9268;864;2912;-464;23,59;25348,47;-0,19
60;36,81;-3,61;5044;-12408;9048;931;-2958;-129;23,35;25371,82;-0,24
60;36,99;-4,41;2772;-14480;8608;1123;2515;-433;22,91;25417,89;-0,25
60;37,38;-4,87;-3968;-13028;9744;1242;-3844;-180;22,7;25440,59;-0,2
60;37,29;-4,86;5108;-14300;8188;1264;2241;-453;22,71;25463,31;0,01
60;37,6;-2,95;-8496;-13312;9104;1332;-2937;-343;22,64;25485,95;-0,07
60;38,18;-3,79;9368;-12328;9732;1265;-2103;-289;22,18;25508,13;-0,46
60;38,47;-4,44;-1112;-14436;7676;1219;2976;-446;21,31;25551,04;-0,29
60;38,53;-4,22;-5820;-13180;8428;1114;-2262;-66;21,49;25572,53;0,18
60;38,54;-5,7;5344;-12676;7604;853;-2606;-172;21,46;25594,0;-0,03
60;38,6;-7,08;5524;-12944;7852;575;420;-1;21,43;25615,43;-0,03
60;38,35;-7,68;-1780;-13576;7344;378;1828;-92;21,45;25658,3;0,02
60;38,15;-7,58;-3096;-13612;7160;63;628;-32;21,67;25679,97;0,23
60;37,82;-7,19;-3392;-13492;6560;-256;123;70;21,97;25701,95;0,3
60;37,46;-6,3;-1144;-12896;7200;-587;-1519;340;22,33;25724,28;0,36
60;37,0;-5,72;4348;-12596;7884;-984;-1001;445;22,96;25769,99;0,22
60;36,72;-5,37;4660;-12820;8024;-1294;744;473;23,23;25793,22;0,26
60;36,4;-5,0;4480;-13420;7808;-1546;1751;385;23,47;25816,68;0,24
60;36,09;-4,79;-3484;-14044;7680;-1693;2156;418;23,68;25840,37;0,21
60;35,69;-3,75;-2848;-13368;8188;-1830;-503;503;24,23;25888,62;0,21
60;35,6;-3,52;7304;-13224;8652;-1947;-478;770;24,45;25913,08;0,22
60;35,36;-2,67;2360;-14168;8780;-1974;2441;525;24,48;25937,56;0,03
60;35,13;-1,87;-4824;-14176;9208;-1825;-2256;470;24,77;25962,33;0,29
60;35,37;-2,66;9948;-13628;9908;-1739;1437;446;24,85;26011,98;0,06
60;35,55;-2,74;-6564;-14516;9488;-1436;1971;326;24,48;26036,46;-0,38
60;35,78;-4,21;8316;-12812;10344;-1280;-1523;303;24,41;26060,87;-0,07
60;35,76;-2,6;-7584;-14284;9312;-855;931;-17;24,3;26085,17;-0,11
60;36,11;-3,4;9588;-13332;10308;-637;100;182;24,1;26109,27;-0,2
60;36,45;-2,99;-6496;-14504;9268;-187;1283;-239;23,59;26156,53;-0,07
60;36,7;-3,4;10168;-13184;9888;0;-1019;-355;23,55;26180,08;-0,04
60;36,98;-1,22;-8048;-14164;8544;348;-248;-411;23,13;26203,2;-0,42
60;37,38;-1,36;6804;-12492;9696;440;-2586;-451;22,83;26226,04;-0,29
60;37,48;-0,99;-6244;-14620;8988;679;1288;-458;22,52;26271,03;0,04
60;37,51;-1,65;5700;-12568;9484;708;-3106;-232;22,62;26293,65;0,1
60;37,4;-0,41;-2140;-14464;7924;823;1867;-601;22,49;26316,13;-0,13
60;37,73;1,48;-8872;-13528;8932;862;-3026;-429;22,5;26338,63;0,01
60;38,13;0,83;11652;-13948;9148;738;-79;-344;22,08;26382,78;0,01
60;38,2;1,11;-8260;-14136;9044;806;2275;-518;21,91;26404,68;-0,17
60;38,12;0,38;328;-12988;8040;681;-2348;-297;21,8;26426,49;-0,1
60;38,22;-1,12;7852;-12588;8364;517;-979;-209;21,95;26448,43;0,15
60;38,01;-2,09;1572;-14132;7956;391;1843;-268;21,81;26492,14;-0,08
60;38,02;-2,26;-4812;-13904;7620;296;-186;-72;21,88;26514,02;0,07
60;37,91;-2,93;-1256;-13020;7536;66;-1625;218;21,94;26535,96;0,06
60;37,87;-4,2;7228;-12652;7816;-215;-934;344;22,2;26558,16;0,26
60;37,65;-4,93;2792;-13584;8120;-411;998;321;22,22;26602,61;-0,0
60;37,54;-4,74;-5416;-13784;7372;-591;997;276;22,36;26624,97;0,13
60;37,22;-4,4;-2972;-13780;7284;-797;83;443;22,58;26647,55;0,22
60;36,93;-4,5;3044;-12776;8040;-1024;-1079;517;22,95;26670,5;0,37
60;36,71;-4,91;2632;-13148;8968;-1176;1917;468;23,25;26716,98;0,02
60;36,52;-4,41;-5464;-13788;8364;-1216;2660;256;23,44;26740,42;0,19
60;36,27;-3,83;-4444;-14064;7976;-1300;-276;487;23,6;26764,01;0,16
60;36,15;-4,19;7256;-13244;9008;-1419;-1235;653;23,87;26787,88;0,27
60;36,04;-4,76;-1128;-14792;9004;-1313;2756;299;23,85;26835,64;-0,05
60;36,04;-3,89;-9036;-13704;9008;-1189;-1081;469;24,1;26859,74;0,24
60;36,23;-3,98;10564;-13456;9832;-1173;290;577;23,98;26883,72;-0,12
60;36,3;-2,12;-9732;-14348;8896;-861;380;153;23,81;26907,53;-0,17
60;36,71;-2,75;11348;-12776;10136;-737;-607;109;23,56;26931,09;-0,24
60;36,66;-2,78;-1008;-14212;9820;-451;2681;-147;23,29;26977,63;0,04
60;36,72;-3,57;2396;-13016;9648;-240;-2999;-210;23,3;27000,93;0,01
60;36,61;-3,13;68;-14260;9596;-8;2938;-306;23,35;27024,28;0,05
60;36,7;-2,41;112;-12852;9292;106;-3489;-206;23,32;27047,6;-0,03
60;37,16;-3,35;6924;-14484;9016;347;2268;-381;22,87;27093,65;-0,32
60;37,62;-3,6;-6836;-13332;9720;540;-2495;-254;22,5;27116,16;-0,36
60;37,67;-4,29;8456;-13780;8820;573;1084;-336;22,46;27138,62;-0,04
60;37,74;-2,63;-8896;-14440;8580;746;-57;-529;22,41;27161,03;-0,06
60;37,9;-2,78;7140;-12728;9196;674;-3441;-270;22,21;27205,45;-0,0
60;37,91;-2,43;1848;-14168;8364;765;3362;-359;21,97;27227,42;-0,24
60;37,98;-1,32;-5392;-13376;9044;774;-1908;-286;22,09;27249,51;0,12
60;38,1;-2,1;7148;-12268;9196;678;-1124;-36;22,11;27271,62;0,01
60;37,94;-2,83;364;-14024;8460;608;2199;-297;21,91;27315,55;-0,1
60;38,09;-2,76;-6040;-13380;8548;576;-1297;-189;21,93;27337,49;0,02
60;38,27;-4,15;5964;-12296;9180;322;-1274;253;21,84;27359,33;-0,09
60;38,4;-5,45;5360;-12972;8208;280;984;-62;21,62;27380,95;-0,22
60;38,28;-5,82;-4636;-13784;7896;118;1055;-47;21,61;27424,1;0,08
60;38,14;-5,6;-3600;-13124;7740;-92;-1377;212;21,76;27445,85;0,14
60;38,06;-6,56;4600;-12756;8900;-395;-1089;384;21,94;27467,79;0,18
60;37,96;-7,25;2788;-12792;8304;-568;11;321;21,94;27489,74;0,01
60;37,63;-7,88;-1296;-13872;8236;-780;1418;475;22,22;27534,07;0,11
60;37,42;-7,58;-3448;-13568;7404;-880;358;273;22,42;27556,49;0,2
60;37,27;-7,68;-2532;-12984;7868;-1101;-886;458;22,58;27579,06;0,16
60;37,2;-8,73;5236;-12544;9028;-1288;317;542;22,78;27601,85;0,21
60;36,91;-8,92;820;-13772;8680;-1388;2999;254;22,98;27647,76;0,05
60;36,76;-8,56;-4140;-13652;8288;-1422;330;671;23,14;27670,9;0,16
60;36,61;-9,33;2000;-13276;8104;-1514;-2205;695;23,22;27694,12;0,08
60;36,49;-10,33;4860;-13920;7940;-1518;1095;459;23,35;27717,47;0,12
60;36,52;-9,45;-7100;-13944;8960;-1393;257;162;23,53;27764,37;0,17
60;36,46;-9,41;7004;-13020;10496;-1354;-909;277;23,68;27788,05;0,15
60;36,33;-8,28;656;-13912;9348;-1193;2528;153;23,56;27811,61;-0,12
60;36,2;-7,02;-3256;-13392;9080;-1025;-2790;129;23,73;27835,34;0,17
60;36,6;-7,24;3944;-14144;9236;-766;2922;21;23,36;27882,3;-0,23
60;37,04;-6,86;-11336;-13412;9732;-488;-1007;-71;23,21;27905,51;-0,15
60;37,19;-7,42;12100;-13960;10128;-378;1207;-314;23,06;27928,57;-0,15
60;37,54;-5,16;-11940;-13372;10064;-24;-1134;-188;22,76;27951,33;-0,31
60;37,91;-5,31;12432;-14208;9288;61;706;-406;22,36;27973,68;-0,4
60;38,08;-4,9;-7116;-14528;8112;279;1720;-421;21,89;28017,42;0,05
60;38,28;-4,62;6520;-11920;9864;282;-2777;-99;21,89;28039,31;-0,0
60;38,14;-3,59;-624;-14108;9176;408;1947;-416;21,79;28061,1;-0,1
60;38,24;-2,02;-4492;-14056;8852;461;-3944;-189;21,77;28082,87;-0,03
60;38,62;-3,22;9224;-13148;9160;340;-1101;-120;21,53;28126,12;-0,2
60;38,57;-2,44;-7080;-13912;8044;373;2444;-171;21,44;28147,55;-0,09
60;38,42;-2,06;-3776;-13260;8812;234;-2853;-51;21,56;28169,12;0,13
60;38,46;-2,63;7084;-12720;8880;83;229;49;21,66;28190,78;0,1
60;38,18;-3,29;3500;-13556;7528;-71;1964;136;21,68;28234,13;0,0
60;38,2;-3,28;-5492;-14152;7048;-103;-167;109;21,68;28255,8;0,0
60;38,2;-4,79;3128;-12764;7532;-316;-2239;322;21,68;28277,48;-0,0
60;38,25;-6,2;5876;-12564;9088;-460;-256;95;21,81;28299,29;0,13
60;37,88;-6,94;1428;-13680;8480;-569;2582;169;21,99;28343,22;0,05
60;37,74;-6,77;-4016;-13948;7488;-675;409;57;22,1;28365,32;0,12
60;37,81;-8,29;6312;-12788;7896;-900;-1316;371;22,18;28387,5;0,07
60;37,83;-9,47;4316;-12956;9148;-1047;601;691;22,13;28409,62;-0,05
60;37,59;-9,5;-3640;-14100;8428;-1054;2972;439;22,3;28454,16;0,07
60;37,45;-8,98;-4852;-13716;8700;-1144;-403;331;22,5;28476,66;0,19
60;37,43;-9,9;5872;-12788;9296;-1256;-984;706;22,6;28499,26;0,1
60;37,46;-11,13;8896;-13692;8228;-1247;1696;468;22,56;28521,82;-0,03
60;37,18;-10,45;-4384;-14488;8324;-1186;671;390;22,72;28567,07;0,2
60;37,07;-10,66;6520;-13000;9532;-1263;-1754;415;23,01;28590,07;0,29
60;36,8;-9,58;1120;-14440;8632;-1144;2523;91;23,03;28613,11;0,03
60;36,8;-7,47;-7348;-14028;9072;-939;-121;5;23,23;28636,34;0,2
60;36,8;-7,27;8520;-13140;9916;-899;-529;63;23,37;28682,96;0,13
60;36,78;-6,81;-6508;-14388;9156;-633;1394;-240;23,24;28706,2;-0,13
60;36,88;-7,76;1548;-13288;9360;-524;-3019;-72;23,08;28729,28;-0,16
60;36,84;-8,03;296;-14776;8984;-269;3109;-329;23,04;28752,32;-0,04
60;37,21;-7,23;-1048;-13288;8996;-87;-3473;-273;22,72;28798,03;-0,26
60;37,1;-7,05;1156;-14392;9124;129;2836;-327;22,81;28820,84;0,08
60;37,5;-6,93;-8284;-13620;9688;300;-3077;-167;22,66;28843,5;-0,14
60;37,89;-8,53;8868;-13712;9468;440;1335;-411;22,3;28865,8;-0,37
60;38,26;-7,03;-9092;-13668;8788;627;-3503;-233;21,94;28887,73;-0,36
60;38,72;-8,8;11976;-13616;8892;651;1337;-142;21,49;28930,84;-0,13
60;39,11;-8,61;-8828;-13780;8680;801;2209;-199;21,0;28951,84;-0,49
60;39,29;-9,79;4996;-12380;8948;728;-2618;-64;20,79;28972,63;-0,21
60;39,38;-10,78;3316;-14084;7696;711;2181;-145;20,52;28993,15;-0,27
60;39,31;-9,3;-6768;-13904;7752;610;405;-223;20,64;29034,37;0,06
60;38,96;-8,73;1524;-13232;7464;401;-2638;79;20,87;29055,23;0,23
60;38,92;-9,93;5908;-13060;8212;250;353;141;21,09;29076,33;0,23
60;38,67;-9,99;-664;-13604;7440;16;1854;185;21,14;29097,47;0,05
60;38,27;-8,68;-4976;-14028;7328;-170;1239;154;21,59;29140,47;0,19
60;37,97;-8,21;-2736;-13240;7132;-405;-1223;214;21,84;29162,31;0,25
60;37,94;-9,15;5648;-12376;8432;-687;-682;532;22,07;29184,39;0,23
60;37,86;-9,89;3912;-13644;8408;-807;2246;356;22,02;29206,41;-0,05
60;37,57;-9,2;-4804;-14192;7972;-856;2728;251;22,33;29250,86;0,2
60;37,35;-8,95;-2564;-13356;8192;-980;-878;320;22,52;29273,38;0,19
60;37,35;-9,91;5952;-13036;9204;-1087;246;612;22,67;29296,06;0,15
60;37,17;-9,55;-3992;-14420;8352;-1064;1963;456;22,67;29318,73;-0,0
60;37,04;-7,84;-5288;-13768;8808;-1035;-1679;406;22,94;29364,57;0,04
60;37,24;-7,45;9232;-13472;9976;-1097;451;571;22,92;29387,49;-0,02
60;37,4;-5,37;-8984;-14124;8904;-833;1069;136;22,68;29410,17;-0,24
60;37,59;-5,61;8440;-12796;9556;-751;-1841;248;22,55;29432,73;-0,12
60;37,61;-6,46;3748;-14360;9468;-590;3426;37;22,34;29477,55;-0,14
60;37,79;-6,53;-5932;-13668;9496;-409;-3412;58;22,24;29499,79;-0,1
60;38,02;-7,85;9408;-13824;9616;-262;2478;-137;22,13;29521,92;-0,12
60;38,03;-6,9;-8328;-14144;8424;-61;537;-128;22,04;29543,96;-0,08
60;38,32;-5,84;9480;-13076;9980;-112;-1343;-114;21,87;29587,7;-0,01
60;38,37;-6,05;-3724;-14404;8396;28;2436;-386;21,51;29609,21;-0,36
60;38,53;-7,4;2700;-12860;8812;29;-3061;-52;21,42;29630,64;-0,08
60;38,79;-9,01;8220;-13776;9120;6;1020;-245;21,32;29651,95;-0,11
60;38,79;-8,29;-9012;-13996;8052;157;-227;-330;21,26;29694,38;0,09
60;38,74;-8,63;6976;-12544;8028;-13;-2594;-110;21,31;29715,7;0,05
60;38,49;-8,46;3588;-13696;8648;-126;1925;-214;21,43;29737,13;0,12
60;38,35;-6,82;-7600;-13980;7772;-96;697;-368;21,66;29758,79;0,23
60;38,15;-5,66;3532;-13216;8020;-244;-2716;42;21,75;29802,37;-0,09
60;38,23;-5,29;7352;-13516;7860;-355;1800;19;21,78;29824,16;0,03
60;38,16;-3,24;-5660;-14624;8420;-360;1826;8;21,76;29845,92;-0,02
60;38,04;-2,21;-948;-13480;8528;-440;-2840;242;21,83;29867,75;0,07
60;38,13;-3,0;8400;-13512;8776;-525;1269;307;21,95;29911,66;-0,0
60;38,18;-2,78;-7544;-14012;7800;-493;1519;154;21,8;29933,47;-0,15
60;38,15;-3,12;-3796;-13616;8668;-628;-2371;320;21,76;29955,22;-0,05
60;38,36;-4,84;9528;-13592;8832;-656;1451;385;21,75;29976,97;-0,01
60;38,39;-4,52;-9288;-14304;8284;-631;1388;167;21,67;30020,17;0,13
60;38,12;-4,94;3672;-13200;8496;-726;-1752;642;21,8;30041,98;0,14
60;37,9;-5,38;7684;-13764;8524;-732;1904;329;22,12;30064,1;0,32
60;37,86;-4,69;-7768;-14236;8272;-721;926;189;22,13;30086,23;0,01
60;37,73;-4,29;6680;-13204;8896;-771;-2591;463;22,32;30130,84;0,02
60;37,77;-4,19;6360;-14120;9560;-718;2172;203;22,25;30153,09;-0,07
60;37,78;-2,64;-10584;-14952;7464;-581;-901;337;22,28;30175,37;0,04
60;38,05;-2,98;11064;-12616;10132;-641;-302;147;22,21;30197,58;-0,07
60;38,08;-3,03;-7340;-14596;9104;-405;2188;-50;21,94;30241,45;0,01
60;37,86;-2,78;-2276;-13616;9208;-300;-3136;72;22,08;30263,53;0,14
60;37,88;-3,86;7028;-14124;9400;-277;2791;-63;22,17;30285,69;0,09
60;37,85;-3,01;-8212;-12872;8636;-155;-2309;-138;22,28;30307,98;0,11
60;38,16;-3,46;10172;-14108;9276;-163;1036;-228;21,98;30351,95;-0,01
60;38,47;-3,33;-7852;-14176;8608;15;1673;-277;21,56;30373,52;-0,42
60;38,83;-5,21;7096;-13104;8412;40;-2917;-22;21,23;30394,74;-0,34
60;38,71;-5,76;-20;-14176;8176;99;2647;-491;21,14;30415,88;-0,09
60;38,93;-4,11;-8268;-13368;8556;134;-2394;-279;21,13;30458,31;-0,17
60;39,14;-4,6;10364;-13200;8764;57;-928;-147;21,02;30479,33;-0,11
60;39,25;-2,41;-7376;-14424;8468;90;1288;-237;20,75;30500,08;-0,27
60;39,2;-1,63;992;-13076;8248;-31;-3249;0;20,68;30520,76;-0,07
60;39,56;-2,83;11572;-12444;8564;-179;142;-56;20,66;30562,19;-0,11
60;39,3;-2,12;-5228;-13844;8204;-265;2328;-22;20,61;30582,8;-0,05
60;38,94;-1,76;-3444;-13624;7768;-382;-2160;56;20,9;30603,71;0,29
60;38,86;-2,4;7912;-12828;8784;-561;-460;56;21,22;30624,93;0,32
60;38,65;-2,99;4704;-13388;8020;-736;1828;295;21,26;30667,46;-0,0
60;38,58;-2,91;-5944;-13852;7468;-776;786;105;21,32;30688,78;0,06
60;38,36;-3,93;1500;-13364;8124;-963;-2020;159;21,46;30710,23;0,14
60;38,29;-5,37;7704;-13024;8676;-1105;-34;354;21,73;30731,97;0,28
60;37,81;-5,6;-1308;-14616;8044;-1177;2981;310;21,99;30775,79;0,15
60;37,73;-5,53;-4368;-13980;8348;-1156;-821;312;22,16;30797,96;0,18
60;37,86;-7,1;9084;-13272;9372;-1243;217;634;22,25;30820,2;0,09
60;37,65;-7,45;208;-14520;8560;-1173;2454;399;22,13;30842,33;-0,12
60;37,64;-6,16;-5344;-13448;8844;-1092;-2671;503;22,36;30886,99;0,05
60;37,85;-6,09;9796;-13856;9052;-1026;1577;452;22,27;30909,26;-0,09
60;37,95;-4,36;-9528;-13828;9068;-756;-754;265;22,16;30931,42;-0,11
60;37,97;-5,28;7092;-12804;9804;-691;-2086;377;22,13;30953,55;-0,03
60;38,11;-6,12;-2952;-14536;8744;-450;2815;-46;21,76;30997,21;-0,13
60;38,06;-6,68;3116;-12700;9768;-322;-3186;24;21,96;31019,17;0,2
60;37,77;-6,29;1692;-14804;8720;-122;3051;-183;22,09;31041,26;0,13
60;37,85;-4,52;-6280;-13592;8684;81;-2677;-173;22,2;31063,45;0,11
60;38,24;-4,96;7456;-13852;9380;112;2205;-314;21,82;31107,28;-0,18
60;38,6;-5,15;-7376;-13444;9252;290;-2332;-122;21,48;31128,76;-0,34
60;38,71;-5,98;10812;-13472;9088;347;-197;-331;21,5;31150,26;0,02
60;38,76;-3,88;-9288;-14384;8480;592;537;-312;21,37;31171,64;-0,13
60;38,79;-4,03;9904;-12812;9908;489;-2092;-67;21,41;31214,47;-0,01
60;38,77;-3,24;-7164;-14352;8248;661;1207;-425;21,23;31235,7;-0,18
60;38,8;-3,57;-2896;-13252;8704;686;-4029;-93;21,17;31256,87;-0,06
60;39,2;-5,32;8604;-13696;8764;710;2374;-324;20,95;31277,82;-0,22
60;39,45;-4,57;-10388;-13380;8984;752;-1047;-125;20,7;31319,13;0,1
60;39,76;-4,22;9996;-13060;9220;612;-805;-7;20,42;31339,55;-0,29
60;39,75;-3,22;2888;-13988;8008;637;2386;7;20,11;31359,65;-0,31
60;39,81;-1,14;-8044;-13320;8076;587;-1047;88;20,28;31379,93;0,17
60;39,73;-0,56;7240;-12492;8576;384;-1551;-5;20,33;31420,58;0,02
60;39,55;-0,33;3660;-13692;7616;204;1893;-32;20,3;31440,87;-0,03
60;39,36;1,33;-5596;-13812;7584;63;1681;129;20,55;31461,42;0,25
60;39,14;2,81;-4512;-13596;7728;-125;-1234;167;20,74;31482,17;0,2
60;38,88;3,18;5692;-12496;8940;-342;-1058;373;21,16;31524,31;0,16
60;38,71;2,85;6332;-13084;8256;-612;439;538;21,27;31545,59;0,11
60;38,39;4,2;-3252;-14032;7844;-660;2347;405;21,42;31567,01;0,15
60;38,11;5,42;-4336;-13936;8020;-729;-736;474;21,74;31588,74;0,31
60;37,78;5,0;6816;-13816;9536;-940;241;621;22,27;31633,06;0,22
60;37,53;4,74;2232;-13892;9592;-913;3061;347;22,4;31655,46;0,13
60;37,42;5,18;-7308;-13656;8872;-786;-1485;288;22,61;31678,07;0,21
60;37,44;4,41;9396;-13408;9448;-836;582;567;22,68;31700,75;0,07
60;37,73;4,19;-10084;-13456;9608;-548;666;283;22,45;31745,6;0,06
60;37,76;4,05;6684;-12660;10164;-517;-2819;588;22,37;31767,98;-0,08
60;37,6;5,4;-5016;-14512;9024;-184;2750;86;22,35;31790,33;-0,03
60;38,04;5,33;7724;-12152;10376;-21;-2468;262;22,18;31812,51;-0,16
60;38,32;5,41;-8160;-14016;9508;310;1218;-114;21,76;31856,23;-0,2
60;38,31;5,39;2928;-12584;10320;330;-3327;15;21,76;31877,99;-0,01
60;38,18;6,66;-3544;-14644;8564;603;2726;-271;21,74;31899,72;-0,02
60;38,65;6,56;7632;-12072;10576;647;-2614;-76;21,62;31921,34;-0,12
60;38,68;5,71;-488;-14596;8880;903;2987;-577;21,16;31963,84;-0,18
60;38,6;5,48;-548;-12520;9700;930;-4167;-105;21,42;31985,25;0,26
60;38,39;5,17;2364;-14584;8276;1060;2591;-584;21,5;32006,75;0,08
60;38,52;5,71;-632;-12076;9612;1075;-3910;-274;21,58;32028,32;0,08
60;39,29;4,07;10544;-13304;9548;1123;2352;-456;20,89;32070,5;-0,39
60;39,87;3,97;-12120;-13320;9892;1253;-1901;-287;20,4;32090,9;-0,5
60;40,25;1,95;12040;-13268;8356;1130;670;-241;20,0;32110,9;-0,4
60;40,33;2,74;-10484;-13152;8800;1170;895;-276;19,91;32130,81;-0,08
60;40,2;3,62;1124;-12712;8636;983;-3232;-37;19,68;32170,37;-0,2
60;40,66;3,47;12372;-12916;7864;803;1548;-157;19,56;32189,93;-0,12
60;40,71;5,25;-4732;-13676;7980;646;1718;-56;19,2;32209,12;-0,36
60;40,48;5,75;-16;-12756;8060;338;-2526;95;19,38;32228,5;0,19
60;40,13;5,0;5280;-12360;8372;-3;-1632;179;19,84;32268,03;0,15
60;39,87;4,83;5276;-12480;8404;-379;43;323;20,09;32288,12;0,25
60;39,45;5,28;-836;-12828;8128;-681;2182;141;20,36;32308,49;0,27
60;39,05;5,81;-2108;-13140;7948;-985;1855;223;20,73;32329,22;0,37
60;38,64;6,15;-5476;-12860;7508;-1241;101;311;21,29;32371,53;0,27
60;38,29;5,96;3836;-12320;8240;-1568;-559;654;21,62;32393,15;0,33
60;37,99;4,9;6148;-13260;8336;-1839;1983;613;21,92;32415,07;0,3
60;37,75;5,04;-5096;-14108;8816;-1930;2391;330;22,06;32437,13;0,14
60;37,52;5,5;-3116;-13364;9140;-1979;-1930;546;22,43;32481,82;0,16
60;37,49;5,27;8100;-13800;8960;-2044;1277;567;22,53;32504,35;0,11
60;37,68;7,04;-10608;-13204;9492;-1850;-688;345;22,44;32526,79;-0,09
60;37,71;5,7;7556;-12148;10532;-1798;-1852;459;22,39;32549,18;-0,05
60;37,61;5,11;-3584;-14124;9512;-1511;1636;178;22,14;32571,32;-0,25
60;37,96;4,88;9452;-12592;9688;-1381;-1463;468;22,22;32615,93;-0,16
60;37,84;5,24;-2172;-13948;10080;-1052;2765;12;22,1;32638,03;-0,12
60;38,12;3,44;7268;-12636;10820;-850;-2020;122;22,02;32660,05;-0,08
60;38,32;3,85;-10868;-13768;9764;-402;884;-258;21,73;32681,77;-0,29
60;38,61;2,19;14216;-13620;9488;-305;1102;-277;21,68;32725,14;-0,0
60;39,09;2,09;-11284;-13676;9932;0;410;-440;21,12;32746,25;-0,56
60;39,46;0,17;12840;-13372;10652;114;186;-514;20,84;32767,1;-0,28
60;39,77;0,56;-11648;-13468;9940;410;-1741;-394;20,5;32787,6;-0,34
60;40,09;-0,16;10576;-13632;9080;394;392;-261;20,05;32827,75;-0,06
60;40,29;-0,25;-7804;-14200;8616;543;590;-534;19,72;32847,47;-0,33
60;40,56;-2,17;6988;-12244;9388;372;-3516;-165;19,56;32867,02;-0,16
60;40,6;-3,21;1524;-13676;8308;387;3122;-249;19,26;32886,28;-0,29
60;40,77;-2,03;-9528;-13304;8052;307;-2018;-143;19,29;32924,84;0,02
60;40,76;-1,9;6520;-11952;8312;-4;-1764;22;19,27;32944,11;-0,02
60;40,55;-2,95;7124;-13060;7492;-199;1102;-115;19,41;32963,52;0,14
60;40,31;-3,09;-3748;-13304;7732;-414;1089;-126;19,53;32983,05;0,11
60;39,89;-2,18;-6732;-13176;7412;-652;-487;-26;20,05;33022,9;0,24
60;39,43;-1,76;-388;-12884;7896;-1003;-1600;260;20,37;33043,27;0,32
60;39,22;-2,65;1928;-12412;8816;-1303;-1026;382;20,66;33063,93;0,29
60;38,9;-3,34;4124;-13360;8128;-1504;1990;220;20,9;33084,82;0,24
60;38,44;-2,86;-5100;-14144;7512;-1658;2229;336;21,42;33127,43;0,25
60;38,15;-2,68;-5332;-13668;7876;-1828;-569;638;21,73;33149,15;0,3
60;38,02;-4,02;6388;-13700;9412;-1978;542;616;21,93;33171,08;0,2
60;37,77;-3,62;-5732;-14832;8268;-1925;3341;564;22,02;33193,1;0,09
60;37,57;-2,21;-6124;-14380;8648;-1847;-2046;567;22,39;33237,82;0,05
60;37,55;-2,97;9764;-13392;9816;-1838;810;532;22,6;33260,42;0,21
60;37,67;-1,35;-11416;-13676;10088;-1493;-637;473;22,51;33282,93;-0,09
60;37,96;-3,33;11160;-13756;9812;-1304;1668;523;22,2;33305,13;-0,31
60;37,97;-2,53;-9608;-13592;10268;-934;-552;378;22,17;33327,3;-0,03
60;38,52;-3,21;12792;-13764;9968;-618;2334;224;21,73;33370,84;-0,08
60;38,87;-3,73;-5348;-13232;10048;-282;-3169;179;21,18;33392,02;-0,55
60;38,72;-2,88;-1428;-14824;9824;53;3052;-442;21,19;33413,21;0,01
60;39,02;-1,52;-3104;-13316;9900;328;-3473;-121;21,01;33434,22;-0,18
60;38,97;-2,65;480;-14840;9388;541;2699;-660;20,95;33455,17;-0,05
60;39,16;-1,82;1888;-12620;9660;657;-3193;-356;20,83;33496,95;-0,12
60;39,24;-0,43;-2244;-14880;8372;863;2647;-641;20,61;33517,56;-0,22
60;39,31;-0,63;-552;-12864;9960;946;-3510;-399;20,74;33538,3;0,13
60;39,25;-1,47;536;-14548;8716;1023;2279;-599;20,68;33558,98;-0,05
60;39,31;-0,64;-2296;-13208;9544;1054;-4338;-236;20,65;33600,24;0,05
60;39,93;-0,84;13740;-13600;9092;1109;822;-528;20,36;33620,6;-0,29
60;40,39;1,09;-13432;-13308;9496;1216;-310;-398;19,94;33640,54;-0,42
60;40,65;0,04;10376;-12712;9368;1076;-1174;-71;19,62;33660,16;-0,32
60;40,53;-0,43;-5068;-14044;8104;1105;2131;-359;19,34;33698,95;-0,1
60;40,37;0,45;-6064;-13536;8432;1050;-2177;56;19,6;33718,55;0,26
60;40,27;-0,2;6692;-12988;8604;772;-891;302;19,78;33738,33;0,18
60;40,22;-0,43;-3264;-13932;7960;700;2421;-116;19,66;33757,99;-0,12
60;40,2;0,4;-7320;-12988;8008;491;-1563;377;19,8;33797,54;0,06
60;40,01;0,4;4752;-12436;8220;235;-2059;266;19,94;33817,48;0,14
60;39,89;-0,72;7896;-12772;7864;-20;1685;356;20,16;33837,64;0,21
60;39,73;-0,71;-4392;-13620;7452;-183;1522;411;20,11;33857,75;-0,04
60;39,26;0,19;-468;-12992;7904;-435;-1622;642;20,56;33898,75;0,13
60;39,1;0,3;4944;-12384;9024;-679;-603;574;20,9;33919,65;0,34
60;38,79;0,97;260;-13568;9260;-769;3237;429;21,07;33940,73;0,17
60;38,61;2,24;-7888;-13796;8532;-861;-274;489;21,37;33962,1;0,3
60;38,37;1,99;5600;-11876;9212;-1024;-1657;555;21,71;34005,31;0,21
60;38,15;1,54;916;-13908;9252;-1015;2579;435;21,72;34027,03;0,01
60;38,03;1,72;-2608;-12712;9588;-972;-2984;527;21,92;34048,95;0,2
60;38,04;0,88;5304;-13664;9656;-811;3128;224;21,92;34070,88;0,0
60;38,56;1,9;-11304;-13292;9620;-557;-1562;45;21,66;34114,27;-0,08
60;38,94;1,71;11232;-13756;10588;-451;1982;-31;21,27;34135,53;-0,39
60;39,19;3,08;-7764;-13332;10288;-166;-2499;54;20,93;34156,46;-0,34
60;39,25;2,56;5192;-13764;10264;-63;2870;-253;20,78;34177,24;-0,15
60;39,78;3,35;-9248;-13388;9776;96;-1943;-288;20,34;34218,09;-0,17
60;40,15;3,38;10156;-13200;9960;167;2016;-408;20,03;34238,12;-0,31
60;40,3;4,75;-8080;-13528;9392;236;-2499;-283;19,78;34257,9;-0,25
60;40,38;3,72;10396;-13376;9116;154;960;-198;19,79;34277,69;0,01
60;40,4;3,45;-6756;-13776;8552;202;1389;-490;19,56;34316,65;0,15
60;40,29;2,24;4684;-12164;8712;80;-3512;-229;19,7;34336,35;0,14
60;40,05;1,89;3220;-13484;8808;-8;2224;-445;19,85;34356,2;0,15
60;39,98;3,03;-9836;-13836;8608;-81;-1822;-429;20,12;34376,33;0,27
60;39,8;3,04;5536;-12204;8768;-284;-2475;-110;20,21;34416,58;0,17
60;39,72;3,3;3864;-13308;8780;-394;3063;-95;20,19;34436,77;-0,02
60;39,83;5,08;-9648;-13348;8612;-455;-1163;-3;20,26;34457,03;0,07
60;39,79;4,95;4544;-12068;8740;-663;-2667;81;20,17;34477,2;-0,09
60;39,9;3,62;7816;-13272;8548;-774;2691;-30;20,12;34517,52;-0,08
60;40,07;3,64;-10904;-13676;8704;-775;-207;98;20,04;34537,56;-0,08
60;40,22;1,55;8496;-12408;9252;-1040;-1533;492;19,86;34557,42;-0,18
60;40,3;-0,26;8320;-12964;8480;-1094;2696;415;19,7;34577,12;-0,16
60;40,2;0,08;-8556;-13364;8152;-1166;1136;444;19,82;34616,48;0,27
60;39,93;-0,33;6064;-12088;8608;-1386;-1177;613;20,07;34636,55;0,25
60;39,54;-0,56;4460;-13432;8584;-1487;3374;414;20,31;34656,86;0,24
60;39,12;0,31;-5132;-14140;7756;-1588;1967;334;20,65;34677,51;0,34
60;38,76;0,92;1812;-13204;8468;-1703;-2851;609;21,1;34719,66;0,05
60;38,81;0,97;8900;-13636;9320;-1722;1811;549;21,25;34740,91;0,15
60;38,82;2,92;-6992;-14312;9188;-1569;2161;320;21,12;34762,03;-0,13
60;38,78;2,72;4684;-12204;9644;-1585;-2436;508;21,19;34783,22;0,07
60;38,69;2,19;-2772;-14192;9068;-1375;2913;96;21,19;34825,67;-0,08
60;38,6;1,4;816;-12312;10184;-1219;-2915;97;21,4;34847,07;0,21
60;38,4;0,88;5352;-14056;8836;-981;2742;-8;21,52;34868,59;0,12
60;38,48;2,12;-4208;-13280;9848;-703;-2802;125;21,5;34890,1;-0,02
60;38,88;1,33;3792;-14328;10208;-490;3236;-342;21,09;34932,56;-0,29
60;38,88;0,7;-572;-12336;9480;-217;-3330;-180;21,1;34953,66;0,01
60;38,83;0,85;5020;-14452;10036;47;3347;-499;21,18;34974,83;0,08
60;39,04;1,75;-1200;-12904;9812;258;-3491;-237;20,98;34995,81;-0,2
60;39,19;2,0;-6224;-14352;9300;621;2072;-421;20,79;35037,53;-0,14
60;39,5;0,63;11072;-12580;10548;707;-2465;-329;20,79;35058,32;-0,0
60;39,75;2,03;-3208;-14408;9580;1010;1955;-368;20,22;35078,53;-0,57
60;40,34;1,71;9120;-12572;10580;1117;-3263;-165;19,95;35098,48;-0,27
60;40,66;1,22;-7136;-14088;9140;1281;2534;-345;19,46;35117,94;-0,48
60;40,79;2,09;-1188;-12548;9296;1307;-3241;-160;19,13;35156,49;-0,29
60;40,93;0,36;5720;-13904;8988;1280;2330;-288;19,03;35175,52;-0,09
60;40,97;0,39;-6180;-13492;9460;1307;-2765;-23;19,09;35194,62;0,06
60;41,15;-1,5;9460;-13524;8948;1098;19;4;19,02;35213,64;-0,07
60;41,12;-3,31;1388;-13716;8444;1023;3341;-11;18,68;35251,13;-0,13
60;41,27;-3,58;-5428;-12828;8420;896;-1419;-23;18,69;35269,82;0,01
60;41,49;-5,47;8128;-11964;8624;560;-1635;224;18,64;35288,46;-0,05
60;41,44;-6,81;3868;-13044;7748;255;1379;274;18,44;35306,9;-0,2
60;41,09;-7,84;-552;-13356;7296;-19;1952;334;18,63;35344,02;0,14
60;40,73;-7,68;-3040;-13784;6324;-313;371;234;18,96;35362,98;0,33
60;40,3;-7,92;-904;-12848;7044;-665;-768;401;19,42;35382,4;0,47
60;39,77;-7,73;1492;-12300;7604;-998;-811;404;19,99;35402,39;0,57
60;39,47;-8,11;4712;-12220;8700;-1280;934;286;20,52;35443,32;0,11
60;38,98;-7,3;-1516;-13640;8176;-1538;2591;370;20,8;35464,12;0,29
60;38,62;-6,03;-4976;-13552;8272;-1660;-722;258;21,23;35485,35;0,42
60;38,28;-5,84;2296;-12988;8980;-1819;-2562;427;21,52;35506,87;0,3
60;38,21;-7,34;5072;-14040;9748;-1879;2817;411;21,77;35550,44;-0,02
60;38,29;-7,16;-8488;-13684;9120;-1680;-1989;441;21,76;35572,19;-0,02
60;38,27;-8,16;9152;-13520;10012;-1568;1791;238;21,82;35594,01;0,07
60;38,23;-6,43;-8092;-13592;9720;-1266;41;39;21,81;35615,82;-0,02
60;38,48;-7,13;11448;-13352;10340;-1067;1382;173;21,76;35659,34;-0,0
60;38,79;-6,99;-7648;-12812;10804;-796;-2762;144;21,36;35680,71;-0,39
60;39,04;-6,67;9812;-13824;10468;-478;2577;10;21,11;35701,82;-0,25
60;39,22;-5,94;-2376;-12372;10764;-123;-3406;-105;20,85;35722,67;-0,26
60;39,47;-5,9;-5408;-14432;10688;257;2050;-269;20,59;35743,26;-0,26
60;39,61;-6,38;9660;-12520;10092;496;-791;-193;20,59;35784,52;-0,08
60;39,98;-6,18;-9168;-14072;8908;757;1204;-364;20,11;35804,63;-0,48
60;40,57;-8,27;12176;-12680;9664;824;-255;-303;19,73;35824,36;-0,38
60;40,93;-7,91;-10608;-13088;9444;1022;-2002;-219;19,33;35843,69;-0,4
60;41,29;-8,78;10464;-13520;9488;965;104;-325;18,97;35862,66;-0,37
60;41,66;-8,04;-9156;-13128;8976;1101;1658;-479;18,42;35899,59;-0,09
60;41,59;-9,03;6904;-12600;8356;928;-2734;-236;18,44;35918,03;0,01
60;41,23;-9,06;3428;-14092;7440;810;2769;-317;18,59;35936,62;0,15
60;41,09;-7,43;-8692;-13880;7940;722;-338;-160;18,98;35955,61;0,39
60;40,9;-6,71;4256;-12236;8564;455;-2656;-149;19,04;35993,54;0,14
60;40,9;-6,25;5860;-12908;8580;189;1656;-6;19,07;36012,61;0,03
60;40,93;-3,97;-6728;-13416;8220;44;1368;24;19,03;36031,64;-0,04
60;40,87;-2,07;-5532;-12872;7832;-163;-1075;-5;19,05;36050,69;0,02
60;40,57;-1,69;5584;-11788;8592;-520;-1461;317;19,44;36089,4;0,17
60;40,25;-1,64;3396;-12664;8236;-768;1615;304;19,62;36109,02;0,18
60;39,99;0,1;-6576;-13128;7624;-887;1272;133;19,92;36128,94;0,3
60;39,71;1,42;-3392;-12920;8156;-1138;-906;534;20,1;36149,04;0,18
60;39,55;1,48;8232;-12544;9596;-1350;108;516;20,57;36189,98;0,21
60;39,12;2,16;-2548;-14300;8236;-1385;3319;429;20,66;36210,64;0,08
60;38,91;3,06;-7256;-13444;8444;-1413;-2;533;21,04;36231,68;0,38
60;38,93;1,49;10148;-12508;9572;-1571;-56;688;21,18;36252,86;0,14
60;38,89;1,22;-7236;-13840;9360;-1406;1067;503;21,14;36295,05;0,09
60;38,88;0,45;9732;-12472;10420;-1368;-1856;490;21,31;36316,36;0,17
60;38,65;1,32;468;-14388;9428;-1116;3349;266;21,18;36337,54;-0,13
60;38,88;1,57;4548;-12468;10588;-1006;-3339;267;21,15;36358,69;-0,03
60;39,11;1,8;-4832;-13912;10092;-682;2279;23;20,88;36400,63;-0,17
60;39,24;1,5;10104;-13248;11036;-456;-1082;46;20,96;36421,59;0,09
60;39,39;3,11;-5740;-14056;9900;-40;1818;-123;20,62;36442,21;-0,35
60;39,85;2,96;10840;-12988;9456;75;-596;-60;20,37;36462,58;-0,24
60;40,08;3,95;-10276;-13184;9620;352;-1764;-237;20,08;36502,72;0,03
60;40,53;3,78;11644;-12864;9940;405;-295;-320;19,71;36522,42;-0,38
60;40,91;5,21;-13252;-13316;9236;680;-1571;-298;19,38;36541,8;-0,33
60;41,22;3,47;11132;-12904;9044;607;1066;-417;19,02;36560,82;-0,36
60;41,44;3,84;-12496;-13392;8996;733;-2894;-573;18,74;36598,18;0,11
60;41,8;3,74;10152;-12368;9440;583;-3342;-471;18,38;36616,55;-0,36
60;41,87;5,44;-3684;-13900;8060;599;2852;-550;17,98;36634,53;-0,4
60;41,83;6,28;-628;-12816;8164;408;-3095;-354;18,03;36652,56;0,05
60;42,02;5,26;9120;-12416;8508;146;837;-135;18,06;36688,7;-0,02
60;41,78;4,88;-2944;-13632;8408;-43;1674;-205;18,04;36706,74;-0,02
60;41,57;6,29;-7660;-13084;7136;-223;-305;-242;18,38;36725,11;0,33
60;41,26;6,75;956;-12344;8064;-573;-1544;99;18,55;36743,66;0,17
60;40,85;6,21;3712;-12248;8496;-886;-1358;230;19,07;36781,61;0,18
60;40,41;5,72;2324;-13132;8140;-1170;1490;70;19,39;36801,0;0,32
60;40,02;7,14;-4036;-13436;7796;-1359;1658;222;19,77;36820,76;0,38
60;39,56;7,7;-1408;-13000;8300;-1673;-1586;552;20,18;36840,94;0,41
60;39,25;7,06;5308;-13136;9152;-1855;-1638;601;20,73;36882,17;0,23
60;38,8;6,35;404;-14472;9044;-1878;3464;336;21,0;36903,17;0,27
60;38,58;7,43;-7048;-13564;8836;-1835;-1170;689;21,36;36924,53;0,36
60;38,51;6,7;9620;-13120;10160;-1862;2798;727;21,55;36946,08;0,19
60;38,6;6,77;-8544;-13668;9840;-1632;2181;589;21,5;36988,86;0,22
60;38,63;6,06;9712;-12696;10636;-1574;-956;667;21,56;37010,42;0,05
60;38,94;7,96;-11080;-13580;9904;-1127;-768;662;21,21;37031,63;-0,35
60;39,05;6,53;9748;-14044;9952;-862;2865;477;21,05;37052,68;-0,16
60;39,56;6,91;-7660;-12704;10532;-462;-2778;466;20,58;37094,01;-0,16
60;39,5;6,27;2472;-14228;10384;-52;3381;122;20,45;37114,46;-0,13
60;39,96;4,1;7520;-12752;11232;157;-2564;74;20,23;37134,68;-0,22
60;40,16;4,4;-10364;-14136;8916;552;-402;-201;20,0;37154,68;-0,23
60;40,53;3,25;12000;-12856;9720;675;-850;-287;19,69;37194,2;-0,13
60;40,97;3,02;-8796;-13016;10340;912;-1054;-514;19,19;37213,39;-0,5
60;41,05;1,64;6360;-13832;10000;949;1511;-656;19,01;37232,4;-0,19
60;41,33;3,76;-10868;-13864;7952;1193;-1180;-648;18,85;37251,25;-0,15
60;41,68;1,86;11152;-12840;8888;1043;-715;-490;18,61;37269,86;-0,24
60;42,03;2,55;-11900;-13336;8772;1146;-261;-716;18,12;37306,16;-0,05
60;42,35;2,69;8600;-11632;9732;953;-2218;-449;17,82;37323,97;-0,3
60;42,5;3,0;6604;-13352;8472;904;2027;-624;17,49;37341,46;-0,33
60;42,58;5,11;-8148;-13648;7484;782;323;-346;17,43;37358,89;-0,06
60;42,05;5,56;40;-12356;7720;466;-2195;-154;17,73;37394,24;0,11
60;41,94;5,54;5740;-12584;8404;128;369;-200;18,01;37412,25;0,29
60;41,64;5,82;2268;-12732;8184;-161;686;-98;18,19;37430,45;0,18
60;41,26;6,22;-4680;-13168;7336;-461;1764;-60;18,56;37449,01;0,36
60;40,6;6,37;-508;-13144;6876;-748;-108;57;19,11;37487,03;0,19
60;40,24;6,18;-3344;-12872;8416;-1107;-1161;291;19,62;37506,65;0,51
60;40,05;4,72;7208;-12144;8800;-1359;-574;512;19,96;37526,61;0,34
60;39,84;3,25;4508;-13468;8128;-1544;1869;609;19,94;37546,55;-0,02
60;39,33;3,43;-3924;-13596;7556;-1632;-417;459;20,5;37587,28;0,26
60;38,94;3,4;572;-13144;8940;-1757;-2368;826;20,9;37608,18;0,4
60;38,64;2,36;5712;-14300;8844;-1758;2727;711;21,22;37629,4;0,32
60;38,6;2,67;-6304;-12636;10544;-1520;-163;851;21,42;37650,82;0,2
60;38,85;1,74;9528;-13764;10048;-1490;4136;754;21,29;37693,42;-0,03
60;38,92;1,59;-6060;-13152;10636;-1226;-841;894;21,14;37714,56;-0,15
60;39,02;0,03;9496;-14108;9836;-1036;603;732;21,06;37735,62;-0,08
60;39,21;1,67;-7272;-12980;10196;-605;-3090;721;20,87;37756,5;-0,19
60;39,36;0,71;7864;-14148;11016;-168;2418;286;20,75;37777,25;-0,12
60;39,78;0,47;6688;-12312;10692;116;-3694;447;20,36;37818,15;-0,17
60;40,08;1,98;-9564;-13948;9640;571;795;91;20,05;37838,21;-0,31
60;40,53;-0,1;9064;-13776;9500;667;1422;-304;19,6;37857,81;-0,45
60;40,88;0,58;-8624;-13292;10772;972;-1400;-405;19,36;37877,17;-0,24
60;41,28;-1,42;8580;-14168;9036;1059;2436;-677;18,73;37914,91;-0,28
60;41,41;-1,57;-4996;-12796;9304;1229;-2574;-592;18,6;37933,51;-0,13
60;41,26;-1,93;5772;-13632;8780;1227;1313;-918;18,73;37952,24;0,14
60;41,48;-0,37;-8432;-13216;9524;1299;-2251;-761;18,69;37970,94;-0,04
60;41,74;-1,96;10720;-12552;8720;1204;-971;-639;18,53;37989,47;-0,16
60;41,9;-1,57;-8000;-13824;7732;1224;1810;-831;18,04;38025,66;-0,11
60;41,88;-1,3;3900;-12476;9020;974;-3304;-539;18,07;38043,73;0,03
60;41,94;-1,3;8800;-13136;9060;766;1128;-491;18,16;38061,89;0,09
60;41,82;-0,27;-8500;-13880;7564;713;1410;-619;18,2;38080,09;0,04
60;41,48;0,09;1296;-12420;7900;446;-2623;-112;18,33;38116,8;-0,04
60;41,61;0,06;8024;-12048;9548;224;6;-135;18,5;38135,3;0,17
60;41,47;0,63;3580;-13100;8208;-6;2126;-157;18,38;38153,68;-0,12
60;41,07;0,81;-2880;-12824;7228;-281;-246;22;18,7;38172,38;0,32
60;40,69;0,77;4160;-12064;8156;-646;-2080;439;19,23;38210,66;0,17
60;40,46;0,42;5648;-12380;9292;-775;292;307;19,54;38230,21;0,32
60;40,1;1,68;-3580;-13656;8800;-942;2273;596;19,74;38249,95;0,2
60;39,83;2,71;-2584;-13252;8640;-1067;-1877;681;19,97;38269,92;0,23
60;39,73;1,77;4912;-12936;9592;-1242;1208;760;20,26;38310,42;0,02
60;39,76;1,55;-6476;-13904;9156;-1175;2604;724;20,19;38330,61;-0,07
60;39,96;-0,16;4188;-11876;9592;-1181;-1625;1134;20,02;38350,63;-0,17
60;39,97;-0,99;1052;-13356;9308;-1120;5404;860;19,86;38370,49;-0,16
60;40,09;-0,81;-320;-12304;9640;-1107;-2667;981;19,86;38410,26;-0,05
60;40,03;-1,96;8212;-13200;9644;-1049;1220;798;20,04;38430,3;0,18
60;40,07;-1,42;-9676;-12636;10276;-835;-2174;742;20,08;38450,38;0,04
60;40,38;-3,2;9480;-13544;10328;-703;2437;504;19,72;38470,1;-0,36
60;40,48;-2,23;-6748;-12900;10060;-462;-3203;438;19,57;38489,67;-0,16
60;41,02;-4,28;11852;-13072;10220;-390;1494;-15;19,19;38528,24;-0,2
60;41,32;-4,18;-8816;-12728;10096;-88;-1597;-187;18,81;38547,05;-0,38
60;41,4;-4,57;12096;-12720;9940;-145;1444;-265;18,82;38565,87;0,01
60;41,45;-2,65;-7336;-13564;9736;29;1313;-700;18,59;38584,46;-0,24
60;41,69;-3,49;8388;-11992;9772;-28;-1786;-638;18,47;38602,92;-0,12
60;41,71;-3,83;-3252;-13624;8148;-48;2597;-809;18,09;38639,2;-0,1
60;41,59;-4,43;-228;-12080;8500;-131;-2617;-628;18,27;38657,47;0,18
60;41,49;-5,42;5532;-12648;10260;-290;-201;-706;18,55;38676,01;0,28
60;41,27;-4,43;-7816;-13976;8136;-366;-1223;-908;18,68;38694,69;0,13
60;40,91;-3,88;3208;-12504;7880;-540;-4276;-545;18,93;38732,54;0,02
60;41,04;-3,82;10048;-13104;8492;-636;2160;-434;19,04;38751,58;0,11
60;40,98;-1,84;-5180;-13744;9076;-652;2810;-542;18,92;38770,51;-0,12
60;40,73;-2,12;2644;-12412;8424;-800;-2140;-123;19,12;38789,62;0,19
60;40,6;-2,76;4776;-12912;8644;-931;2030;-69;19,33;38828,3;-0,02
60;40,64;-2,7;-7720;-13428;9232;-947;-850;-60;19,37;38847,66;0,04
60;40,66;-4,16;4036;-12388;9632;-1072;-2559;305;19,29;38866,96;-0,07
60;40,53;-5,1;2148;-13804;9032;-1018;2890;108;19,27;38886,22;-0,02
60;40,45;-4,26;-3880;-12780;9180;-1021;-2518;537;19,49;38925,14;0,06
60;40,55;-4,38;8428;-12352;9660;-1042;-177;628;19,56;38944,69;0,07
60;40,49;-3,26;-8196;-13592;9280;-884;1050;575;19,52;38964,22;-0,03
60;40,55;-3,72;8892;-12408;9468;-950;-1825;857;19,54;38983,76;0,01
60;40,53;-3,94;-3548;-13752;9412;-793;3883;682;19,37;39022,62;-0,12
60;40,39;-3,75;-2928;-12528;9760;-730;-1627;959;19,58;39042,2;0,2
60;40,19;-3,78;6820;-13604;9296;-667;4214;840;19,8;39062,0;0,22
60;39,96;-2,91;-4852;-13300;9312;-560;-3081;738;19,98;39081,98;0,19
60;40,34;-3,76;6536;-13172;9268;-443;2845;607;19,66;39121,55;-0,24
60;40,74;-3,71;-10232;-13236;9216;-244;-1308;405;19,39;39140,94;-0,28
60;40,79;-4,7;11128;-13228;9544;-217;1639;164;19,38;39160,32;-0,01
60;40,81;-3,39;-8144;-13060;9244;-39;-2781;210;19,27;39179,59;-0,11
60;41,17;-4,02;7328;-13740;9964;13;2924;34;18,85;39217,48;-0,2
60;41,46;-4,0;-8616;-13604;8776;101;-877;-189;18,58;39236,06;-0,27
60;41,9;-6,17;11968;-12596;8884;82;841;-568;18,31;39254,37;-0,26
60;41,99;-5,73;-8692;-13356;8916;180;-235;-731;18,09;39272,46;-0,22
60;42,03;-5,53;9976;-12072;9712;63;-736;-605;18,13;39308,7;0,03
60;41,73;-5,58;-656;-14036;8592;4;2009;-838;18,05;39326,75;-0,08
60;41,41;-5,23;-2988;-13040;8000;-44;-3114;-640;18,42;39345,18;0,37
60;41,28;-6,29;7484;-13072;9088;-203;-33;-516;18,76;39363,93;0,34
60;41,01;-6,89;-2368;-14108;8512;-237;2124;-753;18,79;39401,41;0,1
60;40,67;-6,67;-2300;-13132;8296;-279;-2893;-442;19,17;39420,58;0,38
60;40,48;-7,05;6876;-13240;9128;-388;1963;-352;19,53;39440,1;0,36
60;40,33;-5,55;-9660;-13616;8940;-331;-103;-324;19,75;39459,85;0,22
60;40,21;-5,26;4680;-11880;9772;-338;-2273;13;19,84;39499,43;0,1
60;40,04;-4,91;216;-13860;9312;-310;2725;-100;19,82;39519,25;-0,02
60;39,99;-5,43;996;-11928;10012;-279;-3164;285;20,01;39539,26;0,19
60;40,01;-6,09;672;-14068;9396;-81;2958;28;19,86;39559,12;-0,15
60;40,38;-5,2;-5268;-12784;9888;15;-2901;503;19,64;39598,55;-0,14
60;40,43;-4,48;2820;-13988;9756;164;3061;349;19,48;39618,03;-0,16
60;40,5;-4,65;-360;-12260;10584;300;-3732;777;19,54;39637,57;0,06
60;40,89;-6,2;7728;-14052;10424;455;3183;673;19,21;39656,79;-0,33
60;41,11;-5,3;-3844;-12208;10944;650;-3011;816;18,95;39694,89;-0,19
60;41,06;-5,34;3356;-14488;8464;818;4116;727;18,77;39713,66;-0,18
60;41,33;-6,16;-756;-11508;10272;787;-3018;848;18,73;39732,39;-0,03
60;41,63;-7,53;7048;-13296;9752;812;3213;663;18,46;39750,85;-0,27
60;41,73;-6,11;-5464;-11964;9348;859;-2537;485;18,28;39787,6;-0,18
60;41,95;-5,87;8424;-13448;8244;737;2074;157;18,07;39805,66;-0,22
60;42,11;-4,06;-8444;-12764;9352;695;-1536;156;18,01;39823,67;-0,06
60;42,31;-4,38;8336;-11944;10208;491;-2257;201;17,88;39841,55;-0,13
60;42,14;-4,82;-720;-13924;8072;424;2815;-344;17,59;39876,93;-0,19
60;42,11;-5,07;-3324;-12476;7988;162;-2847;-287;17,74;39894,67;0,15
60;42,26;-6,93;8636;-11956;8672;-106;-1893;-205;17,83;39912,5;0,09
60;42,19;-7,61;1080;-13496;9200;-360;2159;-561;17,63;39930,13;-0,2
60;41,94;-6,85;-5952;-13316;7996;-520;-755;-726;17,95;39965,79;0,23
60;41,63;-7,06;5776;-12132;8528;-880;-1126;-406;18,32;39984,11;0,38
60;41,22;-7,25;3788;-12544;9052;-1046;1019;-628;18,66;40002,77;0,34
60;40,88;-5,93;-7388;-13272;8572;-1220;-473;-361;19,03;40021,8;0,37
60;40,6;-4,89;1620;-12384;9280;-1427;-3508;-293;19,32;40060,42;0,02
60;40,46;-5,07;7728;-13248;9504;-1488;2903;-190;19,56;40079,98;0,24
60;40,37;-3,63;-8604;-13304;8948;-1443;1876;-203;19,64;40099,62;0,08
60;40,26;-4,66;7124;-12444;9560;-1574;-2318;15;19,73;40119,35;0,09
60;39,98;-5,16;-1584;-13996;9796;-1448;2699;-5;19,71;40139,06;-0,02
60;40,01;-3,33;-5044;-12516;10236;-1365;-3179;236;20,03;40179,11;0,0
60;39,98;-3,47;5552;-13688;9652;-1253;3060;108;19,97;40199,07;-0,06
60;40,04;-2,57;-4012;-12404;10272;-1119;-3422;476;19,95;40219,02;-0,01
60;40,19;-3,12;-340;-13772;10396;-798;4057;525;19,7;40238,73;-0,25
60;40,47;-2,52;-4056;-12020;10872;-646;-2699;828;19,61;40278,1;-0,15
60;40,71;-2,81;-5072;-13792;10156;-288;3639;512;19,26;40297,36;-0,35
60;41,04;-4,43;11884;-12532;11100;-180;-750;811;19,23;40316,59;-0,04
60;41,25;-2,28;-7936;-13516;9592;40;-436;518;18,81;40335,39;-0,42
60;41,67;-2,78;11712;-12200;10636;187;-340;625;18,62;40354,02;-0,19
60;41,82;-2,84;-8064;-13176;9356;362;-822;393;18,22;40390,36;0,09
60;42,03;-2,59;9484;-12948;9268;364;1139;211;18,08;40408,43;-0,14
60;42,22;-0,82;-7672;-12612;9392;487;-1030;239;17,88;40426,31;-0,2
60;42,54;-1,32;10644;-12184;9928;370;-1857;118;17,7;40444,01;-0,17
60;42,55;-2,47;-4508;-13972;7728;407;2576;-346;17,23;40478,56;-0,09
60;42,4;-2,96;624;-12044;8636;203;-3378;-143;17,47;40496,03;0,23
60;42,23;-3,98;5556;-13540;9412;-16;2092;-516;17,72;40513,75;0,26
60;42,16;-3,1;-8436;-13304;9076;-45;1661;-496;17,89;40531,64;0,17
60;41,8;-2,22;-584;-12296;8768;-253;-2768;-353;18,06;40567,76;-0,0
60;41,61;-2,38;5472;-13128;8852;-484;1894;-383;18,31;40586,07;0,25
60;41,27;-1,3;-2924;-13672;8232;-560;1634;-481;18,52;40604,59;0,21
60;40,92;-1,16;160;-12896;8912;-723;-3046;-336;18,9;40623,49;0,38
60;40,93;-2,1;8384;-13056;9644;-853;1034;-332;19,15;40661,75;0,04
60;41,09;-1,95;-10872;-13212;9196;-809;2;-240;19,03;40680,78;-0,12
60;41,15;-3,25;1296;-11880;10036;-913;-2900;88;18,81;40699,59;-0,22
60;41,07;-4,16;2160;-13776;9328;-873;3163;-116;18,75;40718,34;-0,06
60;41,15;-3,02;-3932;-12328;9728;-804;-2666;126;18,83;40756,12;-0,11
60;40,99;-3,2;5648;-13664;9268;-883;2138;111;18,94;40775,06;0,11
60;41,04;-2,16;-10692;-13480;9308;-775;-251;281;19,07;40794,13;0,12
60;41,19;-2,86;10104;-12024;10340;-782;-263;418;18,99;40813,12;-0,08
60;41,52;-2,12;-10276;-13464;9784;-573;1260;381;18,58;40831,7;-0,41
60;41,18;-2,0;3068;-12716;9320;-582;-2428;454;18,74;40869,19;-0,02
60;41,0;-1,92;-2916;-13840;9096;-434;4073;436;18,85;40888,05;0,12
60;40,92;-2,29;1992;-11948;9788;-467;-2695;784;19,05;40907,09;0,2
60;40,93;-3,07;1172;-14024;9060;-355;3906;339;18,89;40925,98;-0,16
60;41,11;-2,02;-6964;-12484;10472;-239;-2343;511;18,99;40964,02;-0,06
60;41,25;-2,13;9196;-13860;9896;-250;2651;353;18,82;40982,84;-0,16
60;41,39;-1,34;-8588;-12640;10136;-122;-2888;388;18,74;41001,58;-0,08
60;41,66;-3,21;9376;-14048;9044;-113;2702;253;18,39;41019,97;-0,35
60;41,7;-1,93;-7968;-13828;8172;11;-652;169;18,29;41038,26;-0,11
60;42,0;-2,16;10764;-12204;10504;-47;351;-77;18,21;41074,82;-0,14
60;42,01;-1,18;-8856;-14056;9044;126;-404;-327;18,01;41092,83;-0,2
60;42,15;-2,92;6248;-11976;9320;-40;-2713;5;17,9;41110,73;-0,11
60;42,0;-3,2;-1384;-13840;8992;-35;2608;-456;17,63;41128,37;-0,27
60;41,95;-1,93;-1864;-12212;9320;-70;-3167;-343;17,96;41164,33;-0,03
60;41,83;-1,65;5532;-13840;9232;-195;1795;-439;18,09;41182,42;0,13
60;41,89;0,26;-10940;-13652;8440;-107;317;-525;18,21;41200,63;0,12
60;41,88;-0,33;9012;-12272;9248;-361;-2578;-217;18,24;41218,87;0,02
60;41,71;-0,91;2012;-13888;8720;-290;2858;-501;18,09;41255,16;-0,11
60;41,67;-1,23;-3852;-12580;9500;-378;-3539;-204;18,28;41273,44;0,18
60;41,73;-2,61;11112;-12436;9604;-487;-903;-89;18,45;41291,9;0,18
60;41,76;-1,98;-9756;-13592;9264;-394;2476;-179;18,31;41310,21;-0,14
60;41,64;-0,91;2440;-12052;9236;-588;-2935;117;18,28;41328,49;-0,03
60;41,64;-2,21;4264;-13912;9284;-509;3040;34;18,24;41365,05;-0,08
60;41,68;-1,9;-8524;-13476;8956;-463;-857;165;18,34;41383,39;0,1
60;41,92;-3,76;9448;-12368;10148;-619;-646;390;18,22;41401,62;-0,12
60;42,06;-3,36;-9224;-13652;9196;-488;2484;328;17,97;41419,59;-0,25
60;41,9;-2,25;-4204;-12292;9628;-568;-2783;503;18,07;41455,73;-0,01
60;41,83;-2,93;8564;-13120;9416;-628;2644;490;18,21;41473,94;0,15
60;41,82;-1,2;-9620;-13760;8656;-542;164;412;18,21;41492,15;-0,01
60;41,83;-1,79;9196;-12260;9856;-708;-107;712;18,29;41510,43;0,08
60;41,56;-3,23;2204;-13632;9096;-660;3499;474;18,28;41546,97;0,02
60;41,54;-3,44;-4376;-12484;9640;-653;-2596;460;18,43;41565,4;0,15
60;41,59;-4,82;7520;-13136;9660;-698;1739;386;18,43;41583,83;0,0
60;41,54;-4,14;-9516;-13468;9036;-547;-507;266;18,51;41602,34;0,08
60;41,54;-3,91;8704;-12260;9204;-655;-2349;442;18,56;41639,38;0,07
60;41,36;-2,93;-2860;-13896;9148;-533;2881;141;18,48;41657,86;-0,07
60;41,27;-3,48;380;-12236;10272;-520;-3501;194;18,7;41676,56;0,21
60;41,51;-5,08;9768;-13632;10084;-355;2216;-251;18,59;41695,16;-0,11
60;41,62;-3,92;-10928;-13156;8672;-131;-1724;-227;18,5;41732,03;0,12
60;41,85;-3,87;10292;-13108;9392;-211;859;-191;18,27;41750,3;-0,23
60;41,93;-2,1;-9000;-13380;8344;-13;-809;-222;18,1;41768,4;-0,17
60;42,02;-3,24;8312;-12304;9940;-38;-2278;-281;18,12;41786,52;0,01
60;41,94;-3,11;-5576;-13272;9140;49;1804;-458;17,99;41822,61;-0,1
60;41,8;-4,01;4608;-12380;9048;31;-3399;-293;18,16;41840,77;0,17
60;41,62;-4,22;6592;-13488;9572;27;1855;-313;18,39;41859,16;0,23
60;41,76;-2,38;-8984;-12968;9184;101;-2999;-260;18,35;41877,51;-0,04
60;42,02;-2,98;11416;-12876;9652;15;492;-268;18,14;41913,78;0,01
60;42,35;-2,76;-12220;-13820;8232;175;-711;-291;17,77;41931,56;-0,37
60;42,52;-4,46;6624;-12300;9384;27;-2803;-7;17,51;41949,07;-0,26
60;42,24;-4,94;1096;-13984;8328;49;3354;-235;17,53;41966,61;0,02
60;42,35;-3,83;-4140;-12672;9576;-25;-3512;168;17,59;42001,92;-0,14
60;42,49;-3,51;9260;-13220;9084;-78;2372;103;17,57;42019,49;-0,02
60;42,57;-1,24;-9812;-13260;8676;-117;1787;220;17,5;42036,99;-0,07
60;42,58;-0,57;3148;-11896;9224;-325;-2961;382;17,36;42054,35;-0,14
60;42,51;-1,56;4776;-13836;9428;-419;2889;331;17,37;42089,25;-0,15
60;42,75;-1,42;-10860;-13568;8672;-427;1302;78;17,32;42106,57;-0,05
60;42,74;-2,88;3020;-12388;9116;-720;-2304;385;17,14;42123,71;-0,18
60;42,53;-3,87;3816;-13264;9084;-836;2659;186;17,3;42141,01;0,17
60;42,32;-3,55;-8156;-13768;8544;-931;745;386;17,63;42176,0;0,27
60;41,85;-3,07;-2028;-12628;8644;-1065;-1319;496;17,98;42193,98;0,35
60;41,51;-3,53;5120;-12596;9336;-1292;924;482;18,42;42212,4;0,44
60;41,17;-2,42;-7784;-13640;8820;-1278;895;243;18,75;42231,15;0,34
60;40,86;-2,1;3576;-12280;9568;-1411;-2452;406;19,11;42269,29;0,08
60;40,77;-2,23;6764;-13124;10012;-1320;2259;207;19,24;42288,53;0,14
60;40,86;-0,47;-8668;-13108;9472;-1164;-1798;142;19,18;42307,71;-0,06
60;40,96;-2,09;10288;-13064;9820;-1107;1446;269;19,14;42326,85;-0,04
60;41,05;-1,06;-7928;-13972;9904;-847;519;72;18,93;42345,79;-0,2
60;41,4;-1,18;9892;-12240;10668;-660;78;20;18,79;42383,5;-0,13
60;41,41;-0,84;-7872;-13452;10024;-373;-1069;84;18,64;42402,14;-0,16
60;41,67;-2,54;9564;-14152;10400;-220;2369;-98;18,41;42420,55;-0,22
60;41,57;-1,44;-7792;-13600;9460;38;-1542;-162;18,48;42439,03;0,06
60;41,88;-2,29;9316;-13892;10252;111;1715;-253;18,19;42475,55;-0,14
60;42,13;-2,45;-6724;-12940;10856;328;-2933;-224;17,95;42493,51;-0,24
60;42,01;-2,43;5904;-14324;9320;507;2216;-359;17,93;42511,44;-0,02
60;42,12;-0,65;-6336;-13432;9292;589;-2847;-250;17,91;42529,35;-0,03
60;42,34;-1,84;9500;-13512;9376;618;1364;-286;17,8;42547,14;-0,11
60;42,51;-1,28;-8404;-12932;9668;748;-2778;-99;17,56;42582,23;0,03
60;42,78;-1,33;12004;-12104;9844;647;-600;-236;17,47;42599,7;-0,09
60;43,08;1,06;-10136;-13324;9060;761;1241;-261;17,06;42616,76;-0,41
60;43,36;0,73;9960;-12380;8904;631;-2388;42;16,83;42633,59;-0,23
60;43,21;0,14;-4144;-13936;8224;611;2714;-157;16,59;42667,03;-0,26
60;43,4;-0,09;-7668;-13068;8244;535;-1942;-50;16,58;42683,62;-0,01
60;43,73;-2,4;11388;-12064;8700;223;-334;130;16,46;42700,08;-0,12
60;43,56;-3,29;-1064;-13304;7568;120;2696;-113;16,19;42716,27;-0,28
60;43,35;-1,78;-8592;-13280;8284;-131;-495;110;16,63;42749,27;0,25
60;42,93;-1,81;360;-12028;8680;-450;-2079;320;16,91;42766,18;0,28
60;42,85;-3,02;4140;-12036;9252;-766;880;445;17,07;42783,24;0,16
60;42,54;-3,5;-1476;-13684;7952;-933;2876;210;17,13;42800,38;0,07
60;42,13;-2,39;-6860;-13468;7804;-1120;752;151;17,75;42835,56;0,32
60;41,75;-2,7;508;-12444;9296;-1406;-1204;317;18,09;42853,65;0,34
60;41,39;-3,01;1436;-13204;9304;-1639;1871;471;18,39;42872,04;0,3
60;41,22;-1,71;-9480;-14092;8432;-1647;674;258;18,67;42890,71;0,28
60;40,85;-0,85;1264;-12692;9596;-1792;-2876;503;19,05;42928,71;0,1
60;40,74;-0,24;5484;-13616;9792;-1746;2540;301;19,18;42947,89;0,13
60;40,78;1,54;-7388;-12764;10228;-1573;-1975;284;19,22;42967,11;0,05
60;40,9;0,69;12116;-12884;10212;-1500;-130;282;19,23;42986,34;0,01
60;41,05;0,85;-10520;-13900;10060;-1157;-540;185;19,06;43024,3;0,16
60;41,29;0,7;11204;-13380;10484;-1011;1831;215;18,87;43043,17;-0,2
60;41,57;0,33;-7976;-12380;11336;-634;-3057;73;18,57;43061,74;-0,3
60;41,79;-1,38;10756;-14284;10164;-443;2441;-245;18,31;43080,05;-0,27
60;41,75;-0,93;-5140;-12392;10996;-121;-3647;-36;18,33;43098,38;0,03
60;41,86;-0,83;-1960;-14232;9960;199;2985;-348;18,0;43134,58;-0,19
60;41,87;-0,77;-4216;-12604;10544;318;-4069;-296;18,15;43152,73;0,15
60;41,94;0,74;-2564;-14116;9748;626;3395;-472;17,96;43170,69;-0,19
60;42,3;0,42;9164;-12080;10520;703;-2527;-143;17,93;43188,62;-0,03
60;42,4;0,56;-8064;-13720;9276;885;512;-330;17,6;43223,98;-0,15
60;42,45;0,63;5044;-12336;10176;857;-3675;-257;17,59;43241,57;-0,01
60;42,43;2,16;-5944;-13704;9340;1049;2960;-424;17,56;43259,13;-0,03
60;42,62;2,23;5716;-12396;9504;1016;-3110;-91;17,47;43276,6;-0,1
60;42,59;1,95;-2752;-13924;8912;1082;2710;-280;17,22;43311,2;-0,15
60;42,77;1,9;-6612;-12232;10932;1105;-3343;-107;17,36;43328,56;0,13
60;42,68;0,97;8408;-13204;9528;997;2230;-199;17,41;43345,96;0,05
60;42,83;2,74;-8532;-13064;9100;1026;-2028;15;17,28;43363,25;-0,12
60;43,13;2,35;11020;-12228;9676;900;-2109;138;17,04;43397,3;0,03
60;43,05;1,95;-3700;-13616;8660;823;3244;124;16,8;43414,1;-0,24
60;42,94;1,63;-2352;-11748;9380;684;-3347;299;17,04;43431,13;0,24
60;42,93;0,18;7276;-12936;8600;540;1970;255;17,09;43448,22;0,05
60;42,84;0,59;-10608;-13468;8852;464;2075;158;17,23;43482,45;0,23
60;42,67;-0,3;1692;-12036;9372;240;-2880;406;17,25;43499,7;0,02
60;42,45;-1,31;5848;-13128;9044;36;2665;179;17,5;43517,2;0,25
60;42,25;-0,7;-8116;-13360;8764;-77;-919;244;17,74;43534,94;0,25
60;42,19;0,2;3872;-11800;9444;-315;-2862;375;17,77;43570,48;0,01
60;42,12;0,35;6028;-13628;9364;-397;3215;126;17,8;43588,28;0,03
60;42,08;1,69;-6748;-12504;9224;-485;-1956;268;17,91;43606,2;0,11
60;42,14;0,94;10408;-12060;9624;-644;-692;394;17,99;43624,19;0,08
60;42,08;0,66;-5936;-13008;9480;-609;2690;46;17,88;43659,77;0,18
60;41,95;-0,37;5824;-12052;9772;-701;-2249;102;18,06;43677,83;0,18
60;41,63;0,35;-60;-13592;9608;-667;3709;-101;18,19;43696,02;0,13
60;41,7;1,98;-8372;-12544;9776;-688;-1833;180;18,35;43714,38;0,16
60;41,9;0,88;9672;-13128;10104;-700;2363;-203;18,21;43750,85;-0,06
60;42,2;0,76;-9620;-12344;10392;-541;-2273;189;17,94;43768,79;-0,27
60;42,16;0,03;9860;-13456;10464;-536;2267;-193;17,93;43786,72;-0,01
60;42,23;1,87;-8984;-13348;9972;-380;-735;-122;17,83;43804,55;-0,1
60;42,39;1,38;8748;-12492;10576;-396;522;-29;17,73;43839,93;0,07
60;42,63;1,38;-10312;-13180;9596;-198;-966;16;17,47;43857,4;-0,26
60;42,92;-0,59;9536;-12536;10352;-305;767;-111;17,2;43874,6;-0,27
60;42,94;-0,26;-7852;-12956;9552;-177;1338;-112;17,08;43891,68;-0,12
60;43,08;0,21;8688;-11760;9460;-230;-1990;44;17,02;43925,77;-0,05
60;42,92;0,98;-5320;-13108;8936;-226;2460;-199;16,98;43942,76;-0,04
60;42,88;0,75;-5384;-11856;9908;-232;-2902;-25;17,14;43959,9;0,16
60;43,03;-1,01;8644;-12840;9524;-365;2141;47;17,02;43976,92;-0,12
60;43,04;-0,58;-10156;-13192;8852;-357;-567;-121;17,02;44010,74;0,21
60;43,21;-0,39;9356;-11976;9960;-612;-1154;72;16,91;44027,65;-0,11
60;43,11;0,22;4740;-12892;9196;-631;2930;-109;16,78;44044,43;-0,13
60;43,01;1,78;-5512;-12840;9312;-707;-1905;-39;16,9;44061,33;0,12
60;43,01;1,48;9512;-12000;9760;-914;60;152;17,11;44095,39;0,15
60;42,8;2,0;-6900;-13376;8916;-954;2089;-144;17,12;44112,52;0,01
60;42,52;1,81;-4952;-13276;8992;-1051;-1800;131;17,33;44129,85;0,21
60;42,44;1,07;8884;-12476;10436;-1258;549;128;17,61;44147,46;0,28
60;42,29;0,77;-9484;-13720;9636;-1233;1295;147;17,76;44182,76;0,22
60;41,99;0,79;-3368;-12316;9828;-1260;-2930;183;17,94;44200,7;0,18
60;41,67;0,11;7204;-13412;9152;-1353;2259;118;18,26;44218,95;0,32
60;41,58;0,55;-9032;-12528;9760;-1293;-1448;144;18,46;44237,41;0,2
60;41,67;-0,14;10632;-12716;10516;-1292;1185;125;18,51;44274,28;0,14
60;41,75;-0,15;-8036;-13540;9404;-1054;1409;-80;18,24;44292,53;-0,26
60;41,85;-1,44;10048;-12168;10856;-986;-798;252;18,32;44310,85;0,08
60;41,79;0,25;-8584;-13388;10012;-727;189;263;18,25;44329,1;-0,07
60;42,01;-0,77;10140;-12784;10308;-642;1002;139;18,12;44347,22;-0,13
60;42,11;0,99;-7956;-13468;9428;-317;460;97;17,9;44382,96;0,06
60;42,16;0,87;8824;-12656;10132;-245;664;-50;17,94;44400,9;0,05
60;42,48;2,66;-9668;-12832;10496;18;-2228;-25;17,67;44418,57;-0,27
60;42,6;1,71;9432;-12848;10032;99;-75;-104;17,54;44436,11;-0,13
60;42,77;2,46;-8456;-13080;9456;337;-1520;148;17,26;44470,61;0,03
60;42,98;2,28;11336;-13488;9004;334;1327;36;17,13;44487,74;-0,13
60;43,24;3,76;-7956;-12676;10424;392;-2633;61;16,87;44504,62;-0,26
60;43,42;2,47;9652;-12456;9976;391;-850;-87;16,76;44521,37;-0,11
60;43,41;2,31;-9032;-13032;8628;468;377;-179;16,61;44554,5;0,1
60;43,48;2,01;10260;-11568;9884;297;-1634;-94;16,71;44571,21;0,1
60;43,47;3,93;-6900;-13696;9156;329;2071;-384;16,49;44587,7;-0,23
60;43,62;5,35;-5980;-12288;10048;227;-3152;-248;16,43;44604,12;-0,06
60;43,7;3,77;9800;-12864;9212;52;1647;-221;16,36;44636,87;-0,03
60;43,87;3,69;-10936;-13700;8212;-10;572;-309;16,17;44653,04;-0,19
60;43,97;1,57;5996;-11664;8800;-298;-2908;52;16,01;44669,05;-0,16
60;44,06;-0,45;8100;-12692;8876;-482;906;104;15,93;44684,98;-0,08
60;43,84;-0,89;-6936;-13324;8332;-618;1739;-177;16,05;44716,94;0,14
60;43,48;-1,17;-2164;-12696;8772;-886;-2210;236;16,32;44733,25;0,27
60;43,36;-2,63;7564;-12228;9024;-1170;-1176;127;16,62;44749,87;0,3
60;43,0;-3,6;3612;-13444;8544;-1418;2296;25;16,73;44766,6;0,11
60;42,51;-2,47;-5776;-13136;8060;-1517;679;259;17,37;44800,97;0,37
